time,j1,j2,j3,j4,j5,j6,j7,j8,j9,j10,j11,j12,j13,j14,j15,j16,j17,j18,j19,j20,j21,j22,j23,j24,j25,j26,j27,j28,j29
0.0,0.01996668332936563,0.03973386615901225,0.059104041332267925,0.07788366846173012,0.0958851077208406,0.1129284946790071,0.12884353744753824,0.14347121817990457,0.1566653819254967,0.16829419696157932,0.1782414720122871,0.1864078171934453,0.1927116370834386,0.19708994599769206,0.1994989973208109,0.19991472060830104,0.19833296209049373,0.19476952617563903,0.1892600175374829,0.18185948536513635,0.17264187332977476,0.16169928076391804,0.149141042435344,0.13509263611023012,0.11969442882079132,0.10310027436429284,0.08547597604676596,0.06699763003118094,0.0478498658427964
0.020080321285140562,0.023958390113640374,0.043661601542825106,0.06292856068200055,0.08156675844425797,0.09938996811852596,0.11622010608530911,0.1318890111693472,0.14624012485049193,0.15913005554468881,0.17043001132528598,0.18002708676939252,0.18782539107154228,0.19374700615292478,0.19773276519307265,0.19974284380517346,0.19975715794817872,0.1977755645999032,0.19381786318605515,0.1879235977509196,0.18015166184633938,0.17057971008681252,0.15930338225025364,0.1464353476769473,0.13210417951474318,0.11645307005866382,0.09963840002082525,0.08182817602605467,0.06320035194523053,0.04394105083902844
0.040160642570281124,0.027940436737158028,0.04757173231765484,0.06672770687395765,0.08521696024042318,0.10285475390914829,0.11946485687607455,0.13488130648292643,0.14895006666123303,0.1615305670098065,0.17249710732772439,0.1817401135691864,0.18916723267115942,0.1947042553146557,0.19829585739971783,0.19990615282553761,0.1995190520525132,0.1971384228636101,0.19278805171875252,0.18651140608837827,0.17837120014084296,0.16844876812317994,0.15684325169618976,0.14367060934373727,0.12906245775391148,0.11316475674858512,0.09613635090112199,0.07814738241390741,0.059377591113703235,0.040014518550713
0.060240963855421686,0.031911217615806176,0.05146268189627306,0.07049994807053331,0.08883280206785725,0.10627806807113944,0.1226614387491134,0.13781921687758705,0.15159995094799603,0.1638659484208138,0.17449465150389173,0.1833798617094058,0.19043280095404244,0.19558299860026107,0.19877899557560968,0.19998885853476667,0.19920049892697173,0.19642179378082886,0.19168050699964057,0.18502401195366336,0.17651881814105205,0.16624990664693884,0.15431988104052213,0.14084794219411909,0.12596869726745202,0.10983081475740382,0.09259553905154005,0.07443507932748908,0.055530888895763734,0.0360718521782633
0.08032128514056225,0.035869131707885575,0.05533288142542005,0.07424376328237053,0.0924128259983288,0.10965853030453064,0.12580856282422043,0.14070155777095236,0.1541887092621883,0.1661352581384874,0.17642183843248171,0.18494567003416496,0.19162158563577725,0.1963828816953916,0.19918198491665556,0.19999092758544276,0.1988016270140076,0.1956259663005293,0.19049567559712316,0.18346201507264892,0.17459526273804804,0.16398401225168927,0.1517342877208192,0.13796848434372974,0.12282414547739516,0.10645258834971508,0.08901739214779186,0.07069276358876557,0.051661796303881125,0.03211464142744771
0.10040160642570281,0.03981258315965935,0.05918077041837544,0.07795764298163295,0.09595558854558861,0.11299477758749724,0.1289049601628591,0.14352716698658835,0.15671529780156118,0.1683375811640909,0.17827789106063516,0.1864369072005373,0.1927331073915396,0.19710358208258058,0.19950466293523425,0.19991235914331273,0.19832259714107128,0.19475126130493092,0.18923403524203966,0.1818260452514654,0.17260130952043817,0.16165199855909002,0.1490875142631858,0.1350333968065439,0.11963007028511746,0.10303143964584588,0.08540335291929882,0.06692194412097724,0.04777187337845247,0.028144481868412043
0.12048192771084337,0.043739981948810416,0.06300479738415547,0.08164008971065512,0.09945966124739158,0.116285464725937,0.13194938227980496,0.1462949052225999,0.15917869783107685,0.17047202950830753,0.18006206101725217,0.18785297193311634,0.1937669180493615,0.19774480917128479,0.1997468995257119,0.19975318488762453,0.19776360245576408,0.1937980314801212,0.18789609463504106,0.1801167621225587,0.17053776246163344,0.15925480585048093,0.14638062786191022,0.13204386302674567,0.11638775956011588,0.09956874807263971,0.08175487856747388,0.06312414134023168,0.043862688558784835,0.024162974292335732
0.14056224899598393,0.047649744525547655,0.066803420453083,0.08528961868572604,0.1029236312414609,0.11952926489586023,0.13494060164654198,0.14900365651100397,0.16157791609366834,0.17253774254928275,0.1817736289147396,0.18919329326645348,0.19472260077083692,0.19830630441505223,0.1999085970169013,0.199513468998354,0.1971248683479597,0.1927666611738507,0.18648239324147897,0.17833485487872197,0.16840545359568232,0.15679340068775635,0.14361471994916575,0.12900108840155786,0.11309852062073203,0.09606590980726432,0.0780734401781702,0.0593008865424639,0.03993581805069221,0.020171724065984335
0.1606425702811245,0.05154029445110223,0.07057510799847831,0.08890475839576262,0.10634610183516235,0.12272487017837266,0.13787741218620922,0.15165232866769413,0.16391198521072636,0.1745338873796317,0.18341190463907242,0.1904573307752745,0.1955997702191933,0.19878784141576966,0.19998969021144358,0.1991933081303271,0.19640665235892585,0.19165756624056166,0.18499350107389015,0.17648104199520961,0.16620524268178932,0.15426877552364143,0.1407909057549385,0.12590629979521825,0.10976367970703334,0.0925243372142645,0.07436052212853028,0.05545372128600823,0.035992845190959695,0.01617234048441571
0.18072289156626506,0.055410063033356896,0.07431833925421973,0.09248405119563119,0.1097256930686587,0.125870992087036,0.1407586297598978,0.15423985373281557,0.1661799640721521,0.17645965914227243,0.18497622762805135,0.19164457479238226,0.1963980727146616,0.19918922601494748,0.19999014641209606,0.1987928313742481,0.19560924407748212,0.19047119387371325,0.18343001846216406,0.17455607094004355,0.1639380168576557,0.15168194830152967,0.13791032385736068,0.12276074504430108,0.10638458144606598,0.08894545827608906,0.07061762148847685,0.051584196770033924,0.03203535980893321,0.012166436122103691
0.20080321285140562,0.05925748995935152,0.07803160492792538,0.09602605389387864,0.11306104227131744,0.12896636208739298,0.14358309264410274,0.15676518840137277,0.16838093821581798,0.17831428135494884,0.18646596713764582,0.19275454661415728,0.19711718637708195,0.1995102963720056,0.199909965434916,0.19831220020464954,0.19473296502323612,0.1892080224254705,0.18179257581148642,0.17256071787263003,0.1616046902817799,0.1490339620450425,0.13497413572362907,0.11956569245458251,0.10296258830969296,0.08533071601731967,0.06684624741708582,0.047693873209092054,0.02806495758549144,0.008155626182738168
0.22088353413654618,0.06308102392441037,0.08171340780950842,0.09952933833463529,0.11635080461114758,0.13200973210844782,0.14634966199913632,0.15922731444389582,0.17051402019628428,0.1800970062233127,0.1878805224963131,0.19378679869357396,0.1977568212556877,0.19975092302952854,0.19974917960933478,0.19775160841478465,0.19377816851694485,0.18786856121382997,0.18008183334815633,0.17049578733080772,0.15920620376486389,0.14632588443747563,0.13198352524169474,0.1163224302896518,0.0994990800652379,0.08168156792283526,0.06304792055408416,0.043784319204028324,0.02408323940965751,0.004141527847965923
0.24096385542168675,0.06687912325763705,0.08536226337486087,0.10299249197345582,0.11959365363704344,0.1349998750458957,0.149057222328315,0.16162523911699667,0.17257834994262214,0.18180711494243887,0.18921932334719282,0.19474091482065403,0.19831671944601514,0.19991100896546338,0.19950785376512248,0.1971112820384889,0.1927452395380538,0.18645335031725985,0.17829848085337907,0.16836211190645317,0.15674352439047298,0.14355880739130364,0.12893969824291293,0.11303226625147658,0.0959954532191551,0.07799948535014589,0.05922417240671982,0.03985711110951441,0.020091810733112003,0.00012575962533395964
0.26104417670682734,0.07065025654352512,0.08897670038442229,0.10641411844686509,0.12278828181361759,0.13793558525689806,0.15170468192773404,0.16395799556364873,0.17457309510519908,0.1834439179866513,0.19048182987807816,0.1956165102902848,0.19879665519389214,0.19999048963223953,0.19918608520624817,0.19639147925904185,0.19163459456947107,0.1849629603569371,0.1764432373851425,0.16616055190977538,0.15421764512510172,0.1407338466079139,0.12584388201584448,0.10969652695312948,0.09245312045394961,0.07428595293613241,0.055376544732248595,0.035913832398452104,0.016092280922864924,-0.0038900593043026833
0.28112449799196787,0.07439290323943352,0.09255526147639191,0.10979283813537997,0.1259334010484064,0.14081567904620493,0.15429097332644864,0.16622464320302943,0.17649745139128725,0.18500675538754396,0.19166753303907091,0.1964132320573344,0.19919643498646344,0.1999893329827948,0.1987840036716463,0.1955924903050661,0.19044668142963897,0.18339799226666992,0.1745168509882885,0.16389199502243326,0.1516295844178047,0.13785214112775007,0.12269732481140645,0.10631655738389048,0.08887351005857608,0.07054246799843304,0.05150658891628928,0.031956073023508606,0.012086262612350353,-0.007904309739643255
0.3012048192771084,0.07810555428867821,0.0960965037543454,0.11312728871978005,0.1290277432112365,0.1436389951434276,0.1568150537168847,0.16842426810976763,0.1783506428893588,0.18649499700008382,0.19277595474783382,0.19713075887900192,0.19951589763021632,0.19990753948349693,0.19830177128290538,0.19471463733350552,0.189181979091971,0.18175907705059752,0.17252009839289734,0.16155735593961784,0.14898038578955133,0.1349148528710438,0.11950129533956971,0.10289372036693911,0.08525806535254384,0.06677053993171556,0.047615865347295616,0.027985428776037765,0.008075371051202753,-0.011915373111813284
0.321285140562249,0.08178671272899254,0.09959899936901903,0.11641612573040226,0.13207006064554214,0.14640439517126955,0.15927590537530445,0.17055598338244368,0.18013192238193795,0.1879080427566889,0.1938066480823557,0.19776880144434394,0.19975491431597445,0.19974514211395547,0.19773958247889933,0.19375827429972967,0.1878409974917272,0.18004687552876583,0.17045378470110528,0.1591575760012414,0.14627111741247295,0.13192316616932206,0.11625708225780827,0.09942939600985651,0.08160824410396282,0.06297168959908134,0.043705942787398845,0.024003500642648536,0.004061223453979276,-0.015921632136980154
0.3413654618473896,0.08543489429611095,0.1030613360940266,0.11965802308923908,0.1350591266714275,0.14911076410452667,0.1616725360721588,0.17261892950119312,0.18184057164688328,0.18924532290917914,0.1947591974611532,0.1983271024909267,0.1999133886708348,0.19950220635372432,0.19709766393738903,0.19272378681481692,0.18642427732040512,0.1782620780706809,0.16831874306248307,0.15669362281238403,0.14350287167916895,0.12887828728787815,0.11296599365150475,0.09592498114815821,0.07792551794176243,0.05914744871884409,0.039778397739873995,0.020011894159677343,4.543834808974155e-05,-0.019921471468451878
0.3614457831325301,0.08904862802223293,0.10648211789527734,0.12285167364462063,0.13799373608027096,0.15175701071967185,0.16400397947215997,0.17461227467427018,0.18347590174697914,0.1905062982585019,0.19563321881083548,0.19880543690855557,0.19999125679702556,0.1991788301558999,0.19637627448362413,0.19161159199007388,0.1849323898077301,0.17640540431694807,0.166115834338105,0.15416648985314987,0.14067676476224825,0.12578144393939814,0.109629356506523,0.09238188878208191,0.07421137176232265,0.055299359246932356,0.035834813813484495,0.01601221876582685,-0.003970365078803119,-0.023913278347993894
0.38152610441767065,0.09262645682912563,0.10985996549386484,0.12599578969826578,0.1408727056206724,0.15434206803484257,0.16626929552391323,0.17653521517343074,0.18503725330771903,0.19169046037214038,0.19642835972096506,0.19920361183004084,0.19998848729767021,0.198775143907626,0.19557570498598348,0.19042213826885387,0.18336593649133198,0.17447760288910866,0.16384594675344485,0.15157719607808984,0.13779393616428207,0.12263388478894018,0.10624851617415994,0.08880154750685748,0.0704673031307554,0.05142897275516439,0.03187678108396187,0.012006087153231287,-0.007984567631649618,-0.02789544325610223
0.40160642570281124,0.09616693811562632,0.11319351692220028,0.12908910352448963,0.1436948744755466,0.1568648937400543,0.16846757083895125,0.1783869756580004,0.18652399678316914,0.19279733178911637,0.19714429958615148,0.199521466708963,0.1999050812894468,0.19829131037752082,0.19469627823869526,0.1891559052457416,0.18172554897420168,0.17247945108779147,0.1615099955402384,0.14892678550535363,0.13485554825834956,0.1194368789504656,0.10282483582869173,0.08518540093668928,0.06669482167707722,0.04753784980564479,0.0279058954528782,0.007995114617209071,-0.01199555076088169,-0.03186636056097161
0.42168674698795183,0.09966864433930737,0.11648142807316558,0.13213036788135765,0.14645910473017185,0.15932447061746557,0.17059791906001753,0.1801668094874963,0.18793553270980515,0.19382646621250527,0.19778074973532137,0.19975887338440587,0.19974107240213781,0.19772752465004784,0.1937383488316844,0.1878134034731784,0.18001188867002546,0.17041175457930077,0.15910892256745646,0.1462163267957353,0.13186278581936287,0.11619171547512513,0.09935969591773464,0.0815349071226829,0.06289544848751825,0.04362755932153756,0.023923758004169696,0.003980918404967163,-0.016001697215021135,-0.03582442916589479
0.44176706827309237,0.1031301635920696,0.11972237324206508,0.1351183565135808,0.1491642818310033,0.1617198069515264,0.17265948121845073,0.18187399902267665,0.18927129194821896,0.19477744868938562,0.1983374535481123,0.19991573613263178,0.19949652676507035,0.19708401404685652,0.19270230300760002,0.18639517425560398,0.17822564653649875,0.1682753470707668,0.15664369596153815,0.14344691282178335,0.12881685554635844,0.11289970283150541,0.09585449360563998,0.07785153796494992,0.05907071549121108,0.039699677954466626,0.01993197435856984,-3.488293648303526e-05,-0.02000139169276534,-0.03976805315483459
0.4618473895582329,0.1065501001694317,0.1229150456611574,0.13805186464694896,0.15180931503506753,0.16404993692884343,0.17465142608052575,0.18350785591489727,0.1905307359125994,0.19564989577815056,0.19881418655834351,0.199991991705678,0.19917154298045245,0.19636103803512506,0.19158855850608006,0.18490178943119978,0.17636754279672837,0.1660710899739906,0.15411530971603649,0.14061966022714809,0.12571898557594957,0.10956216837804766,0.09231064221015008,0.07413677861913008,0.05522216484250854,0.0357557894488015,0.015932154026214545,-0.004050670212932428,-0.02399302149428533,-0.043695642435905784
0.4819277108433735,0.10992707513328646,0.1260581580265516,0.14092970947410247,0.1543931378497564,0.16631392102760156,0.176572950482612,0.1850677213836575,0.19171335678789275,0.1964434557031136,0.19921075654452203,0.1999876093568587,0.19876625208361612,0.19555888812294153,0.1903975643953164,0.1833338511413204,0.17443832664883419,0.1637998720581174,0.15152478329083485,0.13773570897634432,0.12257042498713433,0.10618045782784849,0.08872957063253982,0.07039212689756717,0.05135134829917773,0.03179748400308183,0.011925909757677725,-0.008064824235843279,-0.02797497717147637,-0.04760561338250988
0.5020080321285141,0.11325972686789637,0.1291504430172557,0.1437507306314471,0.156914708462843,0.1685108463963846,0.1784232796550136,0.18655296648222452,0.19281867773455702,0.19715780849634662,0.19952700360734743,0.19990259085316212,0.19828081749018311,0.19467788774176636,0.18912980089098774,0.1816919915877066,0.1724387759638684,0.16146260909128016,0.1488731612010944,0.13479622189511156,0.11937244329765975,0.1027559347060612,0.08511272278147569,0.06661909266538328,0.04745982659672259,0.02782635762884041,0.00791485689370168,-0.012075726475215074,-0.03194565317689594,-0.05149638947186224
0.5220883534136547,0.11654671162890505,0.13219065380616746,0.14651379066701925,0.15937301016254632,0.17063982722224214,0.1802016675343609,0.18796299235122796,0.19384625308082618,0.1977926661266928,0.19976280023418425,0.1997369704745382,0.19771543493017488,0.19371839211602274,0.18778577916263411,0.17997687277757812,0.17036969697217308,0.15906024347135628,0.14616151259609986,0.13180238420155563,0.11612632995214517,0.09928997980011404,0.0814615569908237,0.06281919723169185,0.043549168819086555,0.023844011507082413,0.0039006127138817995,-0.016081759712184958,-0.03590344851113038,-0.05536640192065493
0.5421686746987951,0.11978670408514258,0.13517756456280264,0.14921777549911316,0.16176705174747524,0.17270000508785444,0.18190739706442757,0.18929723046012387,0.19479566850240765,0.19834777261590242,0.19991805135047566,0.19949081500007662,0.19707033236909294,0.19268078811986822,0.1863660411275503,0.1781891862567086,0.1682319239383037,0.1565937438459878,0.14339093082817245,0.1287554030282619,0.1128333938021706,0.09578399060296913,0.07777754543164053,0.05899397273619729,0.03962095176598867,0.01985205134267974,-0.00011520421542962281,-0.020081308691099864,-0.03984676736832674,-0.05921409031759939
0.5622489959839357,0.12297839785300685,0.13810997094755662,0.1518615948654851,0.1640958679262868,0.1746905493176512,0.18353978048525188,0.19055514283642905,0.19566654118954027,0.19882290414184484,0.19999269435807823,0.1991642236810811,0.19634576991600203,0.19156549412120466,0.1848711592322816,0.17632965283059,0.16602631882464894,0.15406410472201637,0.1405625330118236,0.12565650693557254,0.1094949625785401,0.09223938074964533,0.0740621735185856,0.05514496153142778,0.035676759317148705,0.01585208671694145,-0.0041309746937383774,-0.024072760770797057,-0.043774019779630684,-0.06303790325259337
0.5823293172690763,0.1261205060232047,0.14098669059730118,0.15444418276295319,0.166358519706897,0.1766106573127449,0.1850981596104454,0.1917362222826351,0.19645852000134528,0.19921786912875472,0.19998669916050182,0.19875732820105083,0.19554203971865255,0.19037295981299007,0.18330173622181012,0.17439902227379997,0.16375377094388222,0.1514723460644931,0.1376774595733283,0.12250694541622419,0.10611238235593329,0.08865757944723203,0.07031693931099345,0.05127371556084921,0.03171818179365794,0.011845730438621464,-0.008145079539279924,-0.02805450657483016,-0.04768362225427161,-0.06683629894225827
0.6024096385542168,0.1292117616796414,0.1438065636021201,0.15696449787721628,0.16855409477508795,0.178459554874543,0.1865819060925774,0.19283999258071297,0.19717128560740857,0.19953250832447658,0.19990006817504452,0.19827029262258467,0.194659465845685,0.1891036660319197,0.18165840489652463,0.1723980730276885,0.16141519660038603,0.14881951288542253,0.13473687379089846,0.1193079883915448,0.10268701701016032,0.08504003089862522,0.06654335290884787,0.047381795733113304,0.027746815316752785,0.007834597893625074,-0.012155900241882081,-0.03202494064037874,-0.05157399841803465,-0.07060774585159485
0.6224899598393574,0.13225091841024825,0.1465684529729915,0.15942152400271772,0.17068170786235828,0.18023649651690954,0.18799042167652852,0.19386600868412712,0.19780455061653626,0.19976669486467624,0.19973283633181824,0.19770331332123042,0.1936984041559635,0.1877581245645499,0.17994182785707158,0.17032761188650558,0.15901153872079235,0.14610667482240747,0.13174196132564256,0.1160609256994144,0.09922024766823909,0.08138819372021588,0.0627429358439004,0.04347077129268963,0.023764261164248984,0.0038203063936755096,-0.01616181961555835,-0.03598246206558066,-0.05544357964886444,-0.07435072331150737
0.642570281124498,0.13523675080954342,0.14927124510022838,0.16181427045238528,0.17274050110286823,0.18194076576674933,0.18932313844071025,0.19481385689728065,0.19835805969263276,0.19992033432399306,0.1994850710596644,0.19705661890630496,0.19265924215509161,0.18633687794094297,0.17815269723719104,0.1681884736720973,0.1565437664737897,0.14333492570736533,0.1286939297435001,0.11276706657419498,0.09571347215151692,0.07770354035376825,0.0589172204661802,0.03954221918713786,0.019772125124897476,-0.00019552547579518526,-0.020161222450565917,-0.03992547515502468,-0.05929080570934186,-0.07806372213194593
0.6626506024096386,0.13816805497272208,0.15191385020249237,0.16414177245708192,0.17472964437933647,0.183571675452894,0.1905795190260544,0.1956831550423198,0.19883158965765346,0.199993364754113,0.19915687225896647,0.19633047012871763,0.19154239883916768,0.18484049921591583,0.17629173442464408,0.16598152089730098,0.15401287487934825,0.14050538312548877,0.1255940080283442,0.10942773911883973,0.09216810441206119,0.07398755647272208,0.055067749326141904,0.03559772343127286,0.015772016850921274,-0.004211278508268931,-0.024152496164668108,-0.04385239006314386,-0.06311412537578141,-0.08174524521042043
0.6827309236947792,0.14104364898107816,0.15449520276620002,0.16640309155460623,0.17664833565774768,0.18512856798317331,0.1917590568526795,0.1964735526132304,0.19922494958159168,0.1999857567087464,0.19874837226136943,0.19552515977583404,0.1903483245258433,0.1832695917379809,0.17435968977034524,0.16370764341817487,0.1514198844075223,0.13761918796462885,0.12244344608644822,0.10604428976939398,0.08858557396254557,0.07024174038316096,0.05119607455270017,0.03163887446848104,0.011765549208994277,-0.00822533352901518,-0.02813403145333658,-0.04776162343525059,-0.06691199706369323,-0.08539380813564101
0.7028112449799196,0.1438623733785605,0.15701426197514376,0.16859731596808586,0.17849580131073786,0.18661081560956028,0.1928612763241464,0.1971847309171636,0.19953798085946262,0.19989751325550092,0.19825973577642297,0.19464101255342245,0.18907750067275267,0.1816247889060728,0.17235734228581656,0.161367758075203,0.1487658405669909,0.13467750395528233,0.11924351424251647,0.10261808275210466,0.08496732529986212,0.06646760241968684,0.047303757227402266,0.027667268529444695,0.007754337629923957,-0.012236072047951664,-0.0321042229386319,-0.051651599045954504,-0.07068288944935856,-0.08900793978604148
0.7228915662650602,0.1466230916392723,0.1594700121301552,0.17072356097361108,0.18027129642952486,0.18801782068128275,0.19388573301922174,0.19781640320293498,0.19977055727525367,0.19972866997464467,0.19769115982516952,0.1936783849547305,0.187730439683386,0.17990675391415806,0.17028549932908602,0.15896280832362003,0.14605181348350268,0.13168151720136897,0.11599550272748166,0.09915049953335664,0.08131481732269195,0.06266666433644386,0.043392366754991155,0.023684506988531997,0.003739999457300537,-0.016241876912228725,-0.03606146981650179,-0.05552074843470544,-0.0744252820872689,-0.09258618292294374
0.7429718875502008,0.14932469062572495,0.16186146305864074,0.17278096925696068,0.18197410512426004,0.18934901588579944,0.19483201387107102,0.19836831477664407,0.1999225850528158,0.19947929494476008,0.19704287366070442,0.1926376651167453,0.18630768470048564,0.17811617948383132,0.16814499627915558,0.15649376385300462,0.14327889746839503,0.12863243570198787,0.1127007211582765,0.09564293826265702,0.07762952274326917,0.058840458693539016,0.03946348023061272,0.019692195718114338,-0.0002758467046249785,-0.02024113295827439,-0.040004176502233806,-0.05936751153820552,-0.07813766602317769,-0.09612709477812463
0.7630522088353413,0.15196608103766132,0.16418765051382492,0.17476871125927587,0.18360354081267927,0.19060386447754385,0.19569973733380966,0.19884024310436854,0.19999400289367417,0.19914948871529414,0.19631513867573958,0.1915192726636941,0.18480980938704752,0.1762537875850065,0.16593669619917217,0.15396162019629483,0.14044821057736126,0.1255314888643448,0.10936049800978898,0.09209681320889379,0.07391292749357435,0.054990528239104414,0.035518681803921405,0.01569194444106865,-0.00429158164357189,-0.024232227663038147,-0.043930753273804996,-0.06319033731943616,-0.08181854440252007,-0.09962924763554883
0.7831325301204819,0.154546197851268,0.16644763656354036,0.17668598551154338,0.18515894649693676,0.191781860494343,0.19648855353634437,0.19923199790189097,0.19998478200174447,0.19873938426601645,0.1955082482972085,0.19032365853784947,0.1832374176950173,0.17432032914481388,0.16366148948843506,0.15136739832838364,0.13756089415964454,0.12237992700804823,0.10597618007921304,0.08851355419009387,0.0701665301261984,0.05111842528725302,0.03155956204034224,0.011685366081728581,-0.008305586192105243,-0.02821355179416924,-0.04783961691286627,-0.06698768439304481,-0.0854664330739525,-0.10309122940703191
0.8032128514056225,0.15706400074859905,0.16864050996840718,0.1785320189577521,0.1866396950285104,0.19288252896142447,0.1971981444234432,0.19954342121142282,0.19989492609494336,0.1982491469534007,0.19462252786795492,0.18905130481770688,0.18159114362177314,0.17231658374482212,0.16132029352338234,0.1487121442544562,0.1346181123978388,0.11917902086097375,0.10254913194301254,0.08489460599691284,0.06639184121011775,0.047225711092176124,0.027587717279745884,0.007674076115543498,-0.012316241880493276,-0.03218350005886827,-0.05172919134310575,-0.07075802164684035,-0.08907986118777178,-0.10651164420160236
0.8232931726907631,0.15951847453703816,0.1707653865492501,0.18030606726659393,0.18804518936107156,0.1939054260829287,0.19782822388397722,0.19977438746529363,0.1997244714036895,0.1976789744439524,0.1936583345155526,0.18770272452360776,0.17987165095449453,0.1702433593067067,0.15891405228769895,0.14599692858823415,0.13162105183848394,0.1159300610468988,0.09908073540671627,0.0812414278100866,0.06259038272162407,0.043313955218636825,0.023604748992794983,0.0036596919177097616,-0.016321931589283908,-0.03614047175115062,-0.05559790826573157,-0.07449982885914636,-0.09265737178896982,-0.10988911288833286
0.8433734939759037,0.16190862955863,0.17282140954360467,0.18200741513158236,0.18937486279121782,0.1948501394208503,0.19837853786628237,0.19992480353658076,0.19947348665629527,0.19702909663450824,0.19261605700830942,0.1862784614108868,0.17807963300251933,0.168101491766491,0.15644373599169725,0.1432228461202982,0.1285709209136435,0.11263435756511578,0.09557238894776586,0.07755549261208138,0.05876368743065446,0.039384734909112776,0.01961226313522187,-0.00035616788896408594,-0.020321040201336786,-0.04008287139726054,-0.05944420779181875,-0.07821159731176354,-0.09619752240468615,-0.11322227365241416
0.8634538152610441,0.16423350208911636,0.17480774995116855,0.18363537655946827,0.19062817918697075,0.1957162880613353,0.19884886448059436,0.19999460877665878,0.1991420730512551,0.1962997755595406,0.19149611559851387,0.18477908975062665,0.1762158123177975,0.1658918447374921,0.15391034068112283,0.14039101537666224,0.1254689494536578,0.10929323926223289,0.09202550715164147,0.07383828659317905,0.054913298282770064,0.03543963444784269,0.015611869500298102,-0.004371884086695524,-0.02431195525304763,-0.044009109398975135,-0.0632665390712656,-0.08189183039829333,-0.09969888562582141,-0.11650978254424627
0.8835341365461847,0.1664921547265149,0.1767236068680595,0.1851892951468361,0.19180463320394772,0.1965035227682677,0.19923901408851577,0.1999837750396532,0.19873036421644144,0.19549130528550354,0.1902989618529869,0.18320521409810858,0.17428094040355419,0.16361530916210698,0.1513148878355426,0.13750257816777733,0.12231638819126894,0.1059080532963757,0.08844152014149298,0.07009130855223615,0.051040767777031676,0.03148024452203368,0.011605181069756845,-0.008385837515606166,-0.028293067584502576,-0.04791760267453926,-0.06706336091810557,-0.08553904422757796,-0.10316004968257708,-0.11975031402132662
0.9036144578313253,0.16868367676908536,0.17856820780974422,0.1866685443447698,0.1929037504891194,0.19721152612408382,0.1995488293794798,0.1998923066937891,0.19823852615522575,0.19460401179226383,0.18902507847100736,0.18155746904905212,0.17227579741127888,0.16127280295257956,0.14865842395647896,0.13455869912814689,0.11911450825731865,0.1024801645940048,0.08482187300150631,0.06631606929236011,0.04714765734002267,0.02750816158048717,0.007593813363428719,-0.01239640972657615,-0.03226277198830132,-0.05180677529697382,-0.07083314243192212,-0.08915176822201455,-0.10657961901368909,-0.12294256148271687
0.9236947791164658,0.17080718458252953,0.18034080902250868,0.18807252771148072,0.1939250878720718,0.19784001265775647,0.19977818543417827,0.19972024061962992,0.19766675717954438,0.1936382528416636,0.18767497908968522,0.17983651898374273,0.17020119182616433,0.15886527062089287,0.14594202014545393,0.13156056524673967,0.1158646006682209,0.09901095529957019,0.08116802519423667,0.06251409101174411,0.04323553669627346,0.023524987189901852,0.003579383787855624,-0.016401983633811883,-0.036219467856785294,-0.0556750591294979,-0.07457436361511637,-0.09272854571049977,-0.10995621482912579,-0.1260852377958714
0.9437751004016064,0.17286182195627772,0.1820406957833439,0.18940067915279651,0.19486823354369506,0.1983887289598988,0.1999269897749302,0.19946764619520685,0.1970152878299385,0.19259441783326903,0.18624920807685985,0.17804305779914953,0.1680579601411202,0.15639368289793665,0.14316677167211517,0.12850938538838866,0.11256797580541644,0.095501824218222,0.07748144997214515,0.05868690668990872,0.03930598323533887,0.019532327389112217,-0.0004364890158575982,-0.020400944166864873,-0.04016155982741256,-0.0595208944578112,-0.07828551598577926,-0.09626793451576864,-0.11328847566602461,-0.129177075815617
0.963855421686747,0.17484676044871794,0.1836671826881262,0.19065246315041348,0.1957328072222272,0.19885745378494035,0.19999518240296912,0.19913462526804526,0.19628438078259852,0.19147292764736198,0.18474834031160792,0.17617780862914212,0.16584696651949477,0.15385903634210302,0.1403337975326166,0.1254063898063702,0.1092259628870196,0.09195418625180493,0.07376363378357494,0.05483605946959509,0.03536058137578626,0.015531792041524734,-0.004452185824687858,-0.024391678921837134,-0.044087458426016496,-0.06334273061897919,-0.08196510318592004,-0.09976850753588806,-0.1165750579376414,-0.1322168288950727
0.9839357429718876,0.17676119972122814,0.18521961392797642,0.19182737497782065,0.19651846030658612,0.19924599814033447,0.19998273582263504,0.19872131211409935,0.19547433074345189,0.19027423447523878,0.18317298095244874,0.17424152355291916,0.16356910244663891,0.15126235293746845,0.13744423999843292,0.1222528296463584,0.10583990943187001,0.08836947182836105,0.07001607567340672,0.050963102034561225,0.031400921926348274,0.011524994186011838,-0.008466087486574483,-0.02837257881151158,-0.0479955807076915,-0.06713902662666982,-0.08561164158480616,-0.10322885331967319,-0.11981463647509233,-0.13520327138830532
1.0040160642570282,0.1786043678608774,0.18669736355368546,0.19292494090380843,0.1972248760169273,0.19955420536276125,0.1998896550524607,0.1982278733836111,0.19458546432933554,0.18899882163688408,0.18152376519334107,0.1722349832917653,0.1612252863704542,0.1486046796817236,0.13449926415578933,0.11904997644195621,0.10241118071620513,0.08474912632537328,0.06624028667863492,0.04706959598353111,0.02742860144449982,0.0075135493865251925,-0.012476575573270376,-0.032342038714145385,-0.05188435089504528,-0.07090825179248794,-0.0892236608771719,-0.10664757663579219,-0.12300590506166949,-0.13813519914451686
1.0240963855421688,0.18037552169166574,0.18809983572810085,0.19394471838347982,0.19785176952237138,0.1997819511812951,0.1997159776231483,0.197654508033916,0.1936181399363025,0.18764720338609334,0.17980135800756897,0.17015899689425995,0.15881646333106955,0.14588708816401824,0.13150005743589185,0.11579912160200578,0.09894115922317295,0.08109460948698094,0.0624377892191091,0.04315711120054891,0.023445221592717107,0.00349907508069084,-0.016482033032901425,-0.036298458120664526,-0.05575220101356111,-0.07464888634315746,-0.09279970467605408,-0.1100232990353317,-0.12614757695951548,-0.1410114299935648
1.0441767068273093,0.18207394707417685,0.1894264649663717,0.1948862962366869,0.1983988880558497,0.1999291437675115,0.19946177356243672,0.1970014472492223,0.19257274759511428,0.18621992470312293,0.178006453879621,0.1680144014100644,0.15634360457979557,0.14311067413289005,0.12844782913614813,0.11250157588988499,0.09543124408540683,0.07740739483540252,0.05861011648368565,0.039227225221992575,0.019452388492677945,-0.0005168100723507927,-0.020480844841971296,-0.04024024177999803,-0.05959757152381445,-0.07835942203330276,-0.09633833110001555,-0.11335465940759532,-0.12923838542844301,-0.14383080422262012
1.0642570281124497,0.18369895919352325,0.19067671636395525,0.1957492948138211,0.19886601101602128,0.1999957237725127,0.19912714536686596,0.19626895434739644,0.19144970881397833,0.18471756107495074,0.17613977652516988,0.16580206155241856,0.15380770718751027,0.14027655705445283,0.12534380993257196,0.10915866889499991,0.09188285052088752,0.07368896907680267,0.05475881181203717,0.035281522600502234,0.015451712077664055,-0.004532486844597295,-0.024471398656548383,-0.04416580034229216,-0.06341891195028831,-0.08203836275358224,-0.09983811335451973,-0.11664031452891138,-0.132277084236692,-0.14659218504377022
1.0843373493975903,0.18524990283546772,0.1918500858122938,0.1965333661488903,0.1992529500562206,0.19998166435085754,0.19871222796045007,0.1954573246737913,0.19024947640859344,0.18314071826323663,0.17420207859926629,0.1635228693494834,0.15120979364263437,0.13738587966102062,0.12218925138356779,0.1057717484966868,0.08829740926231858,0.06994083150184406,0.05088542807236839,0.031321594266079715,0.011444805443426895,-0.008546336092066861,-0.028452085462371976,-0.04807355099974592,-0.06721468150653377,-0.0856842251339279,-0.10329764030722295,-0.11987893960422852,-0.13526244816341743,-0.14929445905237834
1.104417670682731,0.18672615265060924,0.1929461002020738,0.19723819409982035,0.19955954916040008,0.19988697117138576,0.19821718864027488,0.19456688548216158,0.18897253431957195,0.18149003206007597,0.1721941413928641,0.1611777437846702,0.14855091143885843,0.1344398074903523,0.11898542542529462,0.10234218032073972,0.08467636598024704,0.06616449338116491,0.04699152703529187,0.02734903688461591,0.007433284197778424,-0.012556739407646187,-0.0324213002236158,-0.05196191812480803,-0.07098334971642366,-0.0892955391416485,-0.10671551705695093,-0.12306922880128024,-0.1381932734927055,-0.15193653667601442
1.1244979919678715,0.18812711340652757,0.1939643176139866,0.19786349447592566,0.19978568470603675,0.1997116824149322,0.19764222700904283,0.19359799580271328,0.1876193974173121,0.17976616803164433,0.1701167745177991,0.15876763042610123,0.14583213265278688,0.13143952841569978,0.11573362385881454,0.09887134718878184,0.08102118070016079,0.0623614773560255,0.04307867874411243,0.02336545221410614,0.0034187658091682175,-0.016562079773641363,-0.03637744253004824,-0.05582933390547881,-0.07472339703124985,-0.09287084867415572,-0.1100903654961306,-0.12620989577710456,-0.14106837849891862,-0.15451735261377755
1.144578313253012,0.18945222022778443,0.19490432749691255,0.19840901515249645,0.19993126551397725,0.1994558687589321,0.19698757489459212,0.19255104629734032,0.18619061129439912,0.1779698212498376,0.16797081558034904,0.15629350104535122,0.14305455351167082,0.12838625216685026,0.11243515782923097,0.09536064856070398,0.07733332721379782,0.05853331682437068,0.039148460881776606,0.019372446458812302,-0.0005971310454888695,-0.020560742213768884,-0.04031891724232669,-0.05967423897746124,-0.07843331544241383,-0.09640871214607277,-0.1134208248664515,-0.12929967419670463,-0.14388660392317407,-0.1570358662658308
1.1646586345381527,0.19070093882368444,0.1957657508334578,0.19887453617245687,0.19999623288520219,0.19911963334892363,0.1962534962564224,0.19142645910210782,0.18468675204561946,0.1761017160120148,0.165757129843506,0.15375635322562325,0.14021929395140303,0.12528120984235666,0.10909135729702744,0.09181149997039464,0.07361429248490467,0.054681555322555225,0.03520245813474199,0.015371629621631891,-0.004612787133472357,-0.024551114444323563,-0.044244135135166715,-0.06349508305290572,-0.0821116090894642,-0.09990770307048988,-0.11670555230753109,-0.13233731824364212,-0.14664681344076397,-0.15949106215297743
1.1847389558232932,0.19187276570370426,0.19654824029277618,0.1992598698350529,0.1999805606244936,0.19870311175695884,0.1954402870792646,0.19022468765704398,0.18310842603567581,0.17416260554895752,0.16347660987809723,0.15115720995951765,0.13732749716495307,0.1221256534131515,0.10570357050181958,0.0882253324549883,0.06986557604968431,0.050807745902980844,0.031242261554022654,0.011364614854935388,-0.008626583319140272,-0.0285315875242604,-0.048151513538127036,-0.0672903255454949,-0.0857567948632365,-0.10336641063413204,-0.119943223398364,-0.13532160312235783,-0.14934789411932786,-0.16188195032610783
1.2048192771084336,0.19296722838050281,0.197251480370615,0.19956486077153446,0.1998842550509972,0.19820647192694046,0.1945482752537385,0.18894621652331084,0.1814562696546976,0.17215327172116263,0.16113017520289552,0.1484971192365556,0.13438032914142542,0.11892085521774519,0.10227316341873743,0.08460359197786288,0.06608868941217476,0.046913450507896415,0.027269467913668223,0.007353017810134115,-0.012636901216774141,-0.03250055650392865,-0.05203947697375153,-0.07105843619161671,-0.08936740300385138,-0.10678344026620733,-0.1231325326913358,-0.13825132555201627,-0.15198875686759322,-0.16420756676535264
1.2248995983935742,0.19398388556043103,0.19787518751652824,0.199789386007801,0.19970735499567438,0.1976299141069057,0.1935778204441449,0.1875915611878262,0.1797309490616445,0.1700745247035917,0.15871877191386397,0.14577715362062346,0.13137897819592592,0.1156681074492111,0.09880151920765658,0.08094773884561922,0.06228515543480145,0.04300023933961403,0.02328567906693468,0.0033384559862405672,-0.01664212384312123,-0.03645642107219723,-0.055906457792810595,-0.07479789566737598,-0.09294197769333017,-0.1101574142007056,-0.12627219423858746,-0.14112530425167544,-0.15456833687450391,-0.1664669737687816
1.2449799196787148,0.1949223273214638,0.19841911024820574,0.19993335501398524,0.1994499317856454,0.1969736707682853,0.19252931394344738,0.1861612678554163,0.1779331599157076,0.16792720265900396,0.1562433723026846,0.14299840981750897,0.12832465449042657,0.11236872163416689,0.09529003765549965,0.07725924711927717,0.05845650772435055,0.03906969022739459,0.01929250130040905,-0.0006774519223170421,-0.020640636269371262,-0.04039758620170915,-0.05975089680638615,-0.07850719620119426,-0.09647907764258883,-0.11348697203192154,-0.1293609421105167,-0.14394238041658589,-0.15708559403855743,-0.1686592603304894
1.2650602409638554,0.19578217527848304,0.19888302925287216,0.19999670974095546,0.19911208921542978,0.1962380065121696,0.19140317851550037,0.18465591322858324,0.17606362709581566,0.16571217140000405,0.15370497446472475,0.14016200823270328,0.12521858954582074,0.10902402810395884,0.09174013461183445,0.07353960401992535,0.05460429001361011,0.03512338799125757,0.015291544686344739,-0.004693086678361414,-0.024630826272305492,-0.04432246279200555,-0.06357124391454601,-0.08218484218175187,-0.09997727667257443,-0.11677077126297844,-0.132397530906208,-0.14670141818542767,-0.1595395133871802,-0.1707835425079195
1.285140562248996,0.19656308273584466,0.19926675747571532,0.19997942464372118,0.19869396350509594,0.19542321796261986,0.19019986822458856,0.18307610427497464,0.17412310440835937,0.1634303240399416,0.15110460189659936,0.1372690925196468,0.12206203574536723,0.10563537545826457,0.08815324141799538,0.06979030932906516,0.05073005553892793,0.031162923802972586,0.011284422433471074,-0.008706829154851738,-0.02861108498435416,-0.04822946831026029,-0.06736595873135291,-0.08582935076102716,-0.10343516428930853,-0.12000748784713056,-0.13538073625558547,-0.1494013050982962,-0.16192910548597028,-0.17283896377827423
1.3052208835341366,0.1972647348271683,0.19957014019530764,0.19988150669173305,0.1981957232453363,0.19452963364706782,0.18891986825234544,0.18142247798265135,0.1721123742832526,0.16108258063280242,0.1484433030834911,0.13432082911860174,0.11885626582972211,0.10220413002132996,0.0845308043299583,0.06601287478389056,0.04683536641393755,0.02718989454449008,0.007272750236538424,-0.01271706098772521,-0.03257980754230096,-0.0521170274293665,-0.07113351120595678,-0.08943925245218956,-0.10685134625260638,-0.1231958167216261,-0.13830935531308608,-0.15204095254525224,-0.16425340683764306,-0.17482469538386985
1.3253012048192772,0.19788684864229322,0.1997930550859909,0.1997029953660728,0.1976175693294905,0.1935576138638514,0.18756369470212525,0.1796957011032498,0.17003224745845213,0.15866988780223798,0.14572215107639544,0.1313184067863364,0.11560257238376237,0.09873167529105965,0.08087428393520149,0.06220882346774667,0.042921792999705194,0.02320590216406907,0.0032581456248609655,-0.016722165228430907,-0.036535393734373305,-0.055983572663117334,-0.07487238223952022,-0.09301309172210487,-0.11022444513824257,-0.12633447233391626,-0.14118220724265387,-0.15461929620525583,-0.16651148027051899,-0.17673993666629656
1.3453815261044177,0.19842917334134935,0.19993541226719844,0.19944396264353412,0.1969597348725444,0.1925075505369405,0.18613189439090727,0.1778964698831442,0.1678835626530634,0.15619321835988076,0.14294224305945977,0.12826303611681203,0.112302267315408,0.09521941138118242,0.07718515456378872,0.058379689196013634,0.03899091327155136,0.019212553030362265,-0.0007577726898806281,-0.020720526995892583,-0.04047624864545708,-0.059827544998225284,-0.0785810642977281,-0.0965494275782145,-0.1135531008933368,-0.12942218915999754,-0.14399813369385955,-0.15713529647530688,-0.16870241531639626,-0.17858391538924834
1.3654618473895583,0.19889149025589734,0.1999971543396956,0.19910451296760126,0.19622248511713636,0.19137986705791088,0.18462504462881596,0.17602550978271567,0.16566718622916402,0.15365357091310147,0.1401046999075929,0.12515594905306407,0.10895668132665337,0.0916687544567172,0.07346490369391086,0.05452701589766362,0.03504431218280193,0.015211457284719133,-0.004773385466313226,-0.02471053412763781,-0.04440078330017546,-0.06364739452292545,-0.0822580620186338,-0.10004683414955214,-0.11683597138473462,-0.13245772221467814,-0.1467559992689543,-0.15958793888961875,-0.17082532857765703,-0.18035588804989355
1.3855421686746987,0.19927361297709695,0.1999782564087235,0.1986847832063369,0.19540611732661006,0.1901750181152303,0.18304375298634623,0.17408357518384285,0.16338401184248175,0.15105196946236443,0.13721066573452176,0.12199839839047562,0.10556716337702073,0.08808113616296731,0.06971503135212621,0.05065235699274008,0.031083581025725615,0.011204228191967916,-0.008787073586258501,-0.028690577829831282,-0.048307415303572604,-0.06744158105190909,-0.08590189281559764,-0.10350390126166326,-0.12007173294016323,-0.13543984755356295,-0.14945469198066882,-0.16197623452865673,-0.17287936408345872,-0.1820551401786588
1.4056224899598393,0.19957538743086814,0.19987872609403665,0.198184942597196,0.19451096066515627,0.18889348951092544,0.18138865704938745,0.17207144908573035,0.16103496008206736,0.1483894629883449,0.13426130743147796,0.11879165727164319,0.1021350801396515,0.08445800304827315,0.06593704950854046,0.04675727476600926,0.02711031678991604,0.007192481489937436,-0.012797218707570432,-0.032659053325950343,-0.052194569479144984,-0.07120857474733498,-0.08951108747507475,-0.10691923500519536,-0.12325908088194407,-0.13836736276655548,-0.1520931237005727,-0.16429922041787615,-0.17486369363486579,-0.18368098662730792
1.4257028112449799,0.1997966919400147,0.19969860352683064,0.19760519267878834,0.1935373760650919,0.18753579796470388,0.17966042416214542,0.16998994278919924,0.15862097809910772,0.14566712502897408,0.13125781419670063,0.11553701867303852,0.09866181545025611,0.08080081598075498,0.06213248146717265,0.04284333973703827,0.023126121518376522,0.003177834737982577,-0.0168022039166607,-0.03661436050383906,-0.05606067850396133,-0.07494685673566863,-0.09308419074901017,-0.11029145829793015,-0.12639673005304616,-0.1412390874626761,-0.1546702305978141,-0.16655595991599953,-0.17677751713878476,-0.1852327718451972
1.4457831325301205,0.19993743727328503,0.19943796133356106,0.19694576720961715,0.1924857560813299,0.18610249090560957,0.17785975115806493,0.16783989556956597,0.15614303922502906,0.14288605324658218,0.12820139705594505,0.1122357948836726,0.09514876974914352,0.0771110495592828,0.058302861251749716,0.038912130026952756,0.01913260166156663,-0.0008380933352247855,-0.02080041438044728,-0.04055490456088329,-0.059904183540616066,-0.0786549197201013,-0.09661976194160316,-0.11361921144003136,-0.1294834153352688,-0.14405386374600265,-0.15718497356806282,-0.16874554309267528,-0.17862006293056604,-0.18670987014359738
1.465863453815261,0.1999975666813509,0.19909690460666002,0.19620693207382603,0.19135652473309916,0.1845941462512964,0.17598736407886276,0.16562217433824133,0.15360214257904423,0.14004736898531508,0.12509328837418995,0.10888931697597337,0.09159735951655557,0.0733901915189098,0.05444973298717912,0.0349652307221292,0.015131367429672369,-0.0048536834843766734,-0.02479023799746427,-0.04447909664704431,-0.06372353486576172,-0.08233126858830053,-0.1001163754902041,-0.11690115266228332,-0.13251789215934445,-0.14681055668254053,-0.15963633865248267,-0.17086708709536694,-0.18039058808514405,-0.1881116859479749
1.4859437751004017,0.19997705591968898,0.19867557086216237,0.19538898517399328,0.1901501373329771,0.1830113721750084,0.17404401788178356,0.16333767329318732,0.1509993126653019,0.13715221681900133,0.12193474135874063,0.1054989342690899,0.08800901670153372,0.0696397421310088,0.05057465027694902,0.031004233235078768,0.011124032143360349,-0.008867316600418208,-0.028770066047870642,-0.04838535450549218,-0.0675171924949665,-0.08597442101524784,-0.10357262154010981,-0.12013595866709997,-0.13549893700675647,-0.14950805475783505,-0.16202333744656575,-0.1729197365053249,-0.18208837871658828,-0.18943765403813095
1.5060240963855422,0.1998759132583564,0.19817412998425837,0.19449225631101552,0.18886708030330535,0.18135480686036087,0.17203049613519653,0.16098731355837084,0.1483355989598007,0.13420176408965404,0.11872702955392883,0.10206601378483884,0.08438518814454926,0.06586121359835403,0.0466791755767066,0.02703073466278085,0.007112211583277426,-0.012877374363381528,-0.032738293842095506,-0.052272103110580594,-0.07128362680364458,-0.08958290806092088,-0.10698710651302482,-0.12332232516208608,-0.13842534790306868,-0.15214527032514016,-0.1643450074986628,-0.17490266368249546,-0.18371275026594655,-0.1906872397761017
1.5261044176706826,0.1996941794786562,0.1975927841567954,0.19351710705113045,0.1875078709800614,0.17962511824402105,0.16994761070265627,0.1585720428123617,0.14561207548723434,0.13119720043679137,0.11547144632761247,0.09859193969651339,0.08072733499412907,0.06205612944539251,0.042764879564266806,0.023046337142724586,0.003097523338558472,-0.016882239894901434,-0.036693321367858044,-0.05613777530290636,-0.07502131914380947,-0.09315527476257868,-0.11035845366895998,-0.12645896738593573,-0.1412959449025682,-0.15472114004396367,-0.1666004126980492,-0.17681506909923042,-0.18526304777726313,-0.19185993932172699
1.5461847389558232,0.1994319278566941,0.19693176778175633,0.19246393058013078,0.18607305740426558,0.1778230037463921,0.1677962014155546,0.15609283490622275,0.14282984038793908,0.12813973731776715,0.11216930434968182,0.09507811277077666,0.0770369321177116,0.05822602390395039,0.03883334050630546,0.019052647206917312,-0.0009184138453946916,-0.02088029841015059,-0.04063355393530135,-0.05998081242119772,-0.07872876245640192,-0.09669008072141079,-0.11368530366134247,-0.12954462062645525,-0.14410957056402662,-0.1572346253088129,-0.16878864365237056,-0.17865618166266117,-0.18673864616166058,-0.19295527983580216
1.5662650602409638,0.19908926413383315,0.19619134738474722,0.19133315154483002,0.184563218101008,0.17594918999040934,0.165577135734496,0.1535506894708478,0.13999001547511655,0.12503060751930467,0.10882193506278381,0.09152594980286481,0.07331546750697215,0.054372441294621376,0.03488614362199407,0.015051275134121868,-0.004933980719600494,-0.02486993786892979,-0.04455740281998112,-0.0637996649307745,-0.08240446187894476,-0.10018590068331422,-0.11696631508511175,-0.13257804073050214,-0.146865090417387,-0.15968471266796566,-0.17090881805431413,-0.18042525902560808,-0.18813895044937934,-0.1939728196707289
1.5863453815261044,0.1986663264740582,0.19537182150753277,0.190125225881842,0.18297896184618379,0.17400443250856165,0.16329130839953218,0.1509466315139047,0.13709374578251274,0.12187106466042925,0.10543068814547668,0.08793688304532656,0.06956444167785622,0.050496935404088075,0.030924880443829773,0.0110438343005831,-0.00894755818438865,-0.028849549625651668,-0.048463285903448214,-0.06759279304833003,-0.0860469353482797,-0.10364132511356448,-0.12020016501758189,-0.1355580046056354,-0.14956139342118832,-0.16207041423210022,-0.17296008103736124,-0.18212158788589847,-0.18946339602967271,-0.19491214854859062
1.606425702811245,0.19816328540826736,0.19447352058766243,0.1888406406337447,0.18132092742103112,0.17198951543825644,0.1609396410693978,0.14828171100654602,0.13414219910273373,0.11866238268700269,0.10199693096803171,0.08431235963053096,0.06578536706556262,0.04660106885862636,0.02695114817592012,0.007031940529505121,-0.012957527942230197,-0.03281752907795603,-0.052349628311167754,-0.07135866736278064,-0.08965471419814403,-0.1070549607651479,-0.1233855495518515,-0.1384833107132731,-0.15219739241054414,-0.164390768072618,-0.17494160552047344,-0.18374448427397472,-0.1907114488784617,-0.1957728877265786
1.6265060240963856,0.19758034376551298,0.19349680682523618,0.1874799137527021,0.179589783354571,0.16990525120565078,0.15852308194989256,0.14555700246005518,0.13113656551638483,0.11540585535806012,0.09852204804110162,0.08065384098717544,0.061979767414720804,0.042686412494045374,0.02296654904998141,0.003017211439541893,-0.016962273150244202,-0.03677227631369492,-0.05621486304751775,-0.07509576945193296,-0.09322634375134539,-0.11042543124052662,-0.12652118432254691,-0.14135277955315959,-0.15477202453549363,-0.16664483860949836,-0.17685259254157693,-0.18529329382867465,-0.19188260577365593,-0.19655469014970328
1.6465863453815262,0.19691773659121986,0.1924420740368633,0.1860435938916226,0.17778622765405258,0.16775248019807668,0.1560426054115591,0.1427736044925967,0.12807805691222335,0.11210279572415977,0.09500744045747787,0.07696280225102926,0.058149177165008385,0.03875454472231724,0.01897268967930981,-0.0009987342074357238,-0.020960179072118282,-0.040712196756026275,-0.06005743162761096,-0.07880259249472021,-0.09676038390629586,-0.11375137754661034,-0.1296058050236853,-0.14416525413894676,-0.15728425168954904,-0.1688317169885305,-0.1786922715797084,-0.1867673920610735,-0.19297639449805604,-0.19725724059072905
1.6666666666666667,0.19617573105241348,0.19130974749687335,0.18453226018293917,0.17591098752351236,0.16553207042519208,0.15349921159681093,0.1399326393862477,0.12496790649851781,0.1087545355979525,0.09145452532716232,0.07324073167014998,0.05429514083245643,0.03480705089515251,0.01497118041098544,-0.005014277159033907,-0.024949633729179757,-0.04463570180635623,-0.06387578470568477,-0.08247764187876137,-0.10025540971766903,-0.11703145864271003,-0.13263816791845012,-0.14691960046469796,-0.1597330609282657,-0.170950521447768,-0.1804599008656936,-0.18816618460628154,-0.1939923740297545,-0.19788025577727536
1.6867469879518073,0.1953546263299968,0.19010028376584287,0.18294652200509978,0.17396481907056172,0.1632449171689943,0.15089392601666954,0.13703525263448657,0.12180736830581185,0.10536242501718827,0.08786473520598004,0.06948913000481359,0.0504192123866915,0.030845522664777348,0.01096363467657101,-0.009027798325227926,-0.028929028550354553,-0.04854120948487149,-0.06766838269980613,-0.08611943580299763,-0.10371001197094631,-0.12026435198125336,-0.13561705034067306,-0.14961470796212545,-0.16211746487766732,-0.17300039767306064,-0.18215476768123318,-0.18948910746309555,-0.19493013471995785,-0.19842348450603398
1.7068273092369477,0.1944547534981188,0.18881417050650787,0.1812870187368626,0.1719485070015197,0.16089194262283713,0.14822779913727244,0.13408261248032416,0.11859771668129149,0.10192783170037226,0.08423951751796448,0.06570950992239948,0.04652295462436603,0.02687155734217018,0.006951668341567079,-0.013037679431188743,-0.032896759020752044,-0.052427145068402764,-0.07143369641263998,-0.08972650587516291,-0.10712279775062056,-0.12344875404104311,-0.13854125118782026,-0.15224948994837775,-0.16443650213236116,-0.17498051914251891,-0.18377618864627412,-0.19073562722140713,-0.19578929845815962,-0.1988867077440556
1.7269076305220883,0.19347647539068336,0.18745192628713517,0.1795544194994945,0.16986286430501485,0.1584740955195972,0.14550190595631907,0.13107590944526087,0.11534024577496071,0.09845214049529337,0.08058033397174787,0.06190339538747378,0.04260793853902984,0.022886757253016015,0.002936899053886075,-0.017042303669780542,-0.03685122532861523,-0.05629194172536211,-0.07517020764803099,-0.09329739770384786,-0.11049239100182728,-0.12658338085284487,-0.14140959140528353,-0.15482288406419664,-0.16668923764318166,-0.17689008745977217,-0.1853235099945535,-0.191905241277277,-0.19656951882459672,-0.19926973871706513
1.7469879518072289,0.19242018645505268,0.1860141003724327,0.17774942288697793,0.1677087319241839,0.15599235074913959,0.14271734556962543,0.1280163558492618,0.11203626901783346,0.09493675282064573,0.07688865997119218,0.05807232104731833,0.03867574268769682,0.01889272909164064,-0.0010790544083931935,-0.021040056353466417,-0.040790833010373756,-0.06013404114749813,-0.07887640982314792,-0.09683067148491932,-0.11381743308517792,-0.1296669685170907,-0.14422091446178184,-0.15733385270226685,-0.168874763094208,-0.17872833267588664,-0.18679610783719977,-0.19299747803558745,-0.19727048122992788,-0.1995724229847702
1.7670682730923695,0.19128631259300383,0.184501272502083,0.1758727566843335,0.16548697841759813,0.15344770896523635,0.13987524072796262,0.12490518532194246,0.1086871185923503,0.09138308610096813,0.07316598402049727,0.05421783161315224,0.0347279525543611,0.014891083273181567,-0.005094572789725906,-0.02502932556536021,-0.04471399359354065,-0.06395189417821542,-0.08255080857594718,-0.1003249025820574,-0.11709658332457132,-0.13269827371349047,-0.1469740868156817,-0.15978138342558457,-0.1709921972690021,-0.18049451359981336,-0.1881933884142891,-0.1940118971001926,-0.19789190304207763,-0.1997946385031323
1.78714859437751,0.1900753109890026,0.18291405265698857,0.17392517757417297,0.16319849960905616,0.1508411961820973,0.13697673738435714,0.12174365230516193,0.10529414489523464,0.08779257319513088,0.06941380712402771,0.05034148123729526,0.03076615991072102,0.01088343328425929,-0.009108037009994204,-0.029008502809160414,-0.04861912523719373,-0.06774396143720307,-0.0861919223677082,-0.1037786821011769,-0.12032851954776186,-0.13567607420234595,-0.14966799837204758,-0.16216448937567826,-0.17304068640592055,-0.18218791809724086,-0.18951478833425245,-0.19494808945148825,-0.1984335337001955,-0.19993629567357582
1.8072289156626506,0.18878766992586415,0.1812530808133243,0.17190747083160043,0.160844218226382,0.14817386336067523,0.1340230042320359,0.11853303154722505,0.10185871599300522,0.08416666181859828,0.0656336421810993,0.046444832886524456,0.02679196217436787,0.006871395032410395,-0.013117828817329797,-0.032975983657704926,-0.05250465336978314,-0.07150871394112156,-0.08979828308039825,-0.10719061745850156,-0.12351193861946681,-0.13859916931736502,-0.15230156293023842,-0.164482209670516,-0.17501940454235568,-0.18380786337773136,-0.19075977480103834,-0.1958056776113313,-0.19889515481568348,-0.19999733737911443
1.8273092369477912,0.1874239085878746,0.1795190266844952,0.16982045000758497,0.15842508352937645,0.1454467859849124,0.13101523223320238,0.11527461758889607,0.09838221707036393,0.08050681395970202,0.061827013375969235,0.042529457711877175,0.022806961764697656,0.002856586194544507,-0.01712233144060259,-0.03693016839988555,-0.056369011324007505,-0.07524463372009778,-0.09336843660862587,-0.11055933294206222,-0.1266455569667981,-0.14146638044977705,-0.15487371862187,-0.166733609791938,-0.1769275538477687,-0.1853536962700261,-0.19192784582893946,-0.1965843157952409,-0.19927658026025152,-0.19997773900738122
1.8473895582329316,0.1859845768514529,0.17771258945110432,0.16766495660093225,0.15594207092706966,0.142661063628099,0.1279546341388343,0.11196972424143298,0.09486604987168126,0.07681450529015851,0.057995455563276066,0.038596934415154174,0.018812765456806293,-0.001159374435312439,-0.02111993024131194,-0.04086946268566083,-0.0602106409685029,-0.07895021442977941,-0.09690094344594465,-0.11388347026639141,-0.12972811109680651,-0.14427655152355456,-0.15738342833896646,-0.1689177819624601,-0.17876436494537978,-0.18682479348540787,-0.19301853044499584,-0.19728369005182075,-0.19957765624096546,-0.19987750846055244
1.8674698795180722,0.18447025506343745,0.17583449747903887,0.16544185971898692,0.15339618158443077,0.13981781950951908,0.12484244399969469,0.10861968405685063,0.09131163213580441,0.07309122457006981,0.05414051364917766,0.03464884861237743,0.014810983733628748,-0.005174867598725881,-0.02510901336461793,-0.044792278168907025,-0.06402799333609092,-0.08262396195870146,-0.10039437926527109,-0.11716168912019183,-0.13275835810592893,-0.14702854946155022,-0.1598296801521286,-0.17103384551129475,-0.1805290972223848,-0.18822056186901426,-0.19403138887889432,-0.19790351838934628,-0.19979826136225745,-0.19969668615216135
1.8875502008032128,0.18288155380708704,0.173885508025789,0.16315205572720423,0.1507884420186926,0.13691820004156216,0.12167991666875605,0.10522584779062849,0.08772039702441775,0.0693384730476472,0.05026374196843634,0.030686792194460938,0.010803230136583353,-0.009188274225745882,-0.029087972389251024,-0.04869703314784815,-0.067819529248331,-0.08626439503072031,-0.10384733549318047,-0.12039266770675788,-0.1357350761811343,-0.14972126464235969,-0.16221148771854862,-0.1730809472294428,-0.1822210391285749,-0.18954043863900139,-0.194966012740286,-0.19844355088946503,-0.1999383066748732,-0.19943534499080318
1.9076305220883534,0.18121911365589008,0.17186640693511737,0.16079646788772983,0.14811990368545364,0.13396337436748293,0.11846832729523632,0.10178958385707833,0.08409379254418327,0.06555776385389876,0.046366703657701736,0.026712362685351265,0.006791120614982081,-0.013197976087726077,-0.03305520297603654,-0.052582153202807735,-0.0715837199361256,-0.08987004580227333,-0.10725841987785233,-0.12357510327693161,-0.1386570650925659,-0.15235361134772737,-0.1645278906797104,-0.17505826171371183,-0.1838395084632375,-0.19078389161346054,-0.19582202518345188,-0.19890356980796556,-0.19999773571173673,-0.19909359035073804
1.927710843373494,0.17948360491528162,0.16977800832020215,0.15837604598713534,0.14539164255472545,0.13095453388999598,0.11520897081045137,0.09831227777759122,0.0804332809628958,0.06175062139252681,0.04245097002524529,0.022727162597896547,0.002776272874470757,-0.01720235644980286,-0.037009105514773245,-0.056446071831023625,-0.07531904765612915,-0.09343946045422162,-0.11062625705043452,-0.12670771265437838,-0.14152314667748073,-0.15492452820031438,-0.1667779550486107,-0.17696499169952362,-0.18538385265022392,-0.19195041942499744,-0.19659908105924917,-0.1992833896625728,-0.19997652451071846,-0.19867156002940334
1.9477911646586346,0.17767572735237255,0.16762115423538215,0.15589176595345874,0.14260475867709496,0.12789289179089564,0.11190316140569104,0.09479533162198793,0.07674033821988842,0.057918580725278994,0.03851811991739992,0.018732798787703914,-0.0012396942752390043,-0.021199800722772003,-0.040948085769205576,-0.06028723107827079,-0.0790240063027109,-0.09697119977803799,-0.11394948907959968,-0.12978923275297127,-0.14433216531529147,-0.15743297859165192,-0.16896077358634845,-0.17880036838237628,-0.18685344900107126,-0.19303955172288578,-0.19729686705427726,-0.19958285730773578,-0.19987468162429667,-0.1981694241918531
1.9678714859437751,0.17579620991379918,0.1653967143366355,0.15334462946270494,0.13976037574017836,0.12477968254189381,0.10855223200232983,0.09124016344319576,0.07301645333092545,0.05406318695300312,0.03456973908195992,0.014730881805246232,-0.005255161573083353,-0.025188697114100152,-0.04487055551982903,-0.06410408216703754,-0.08269710201522529,-0.1004638397561044,-0.11722677601907075,-0.13281842108607464,-0.14708298839351944,-0.15987795110010805,-0.17107546616792868,-0.18056365172782987,-0.18824770496607438,-0.19405084936271594,-0.19791510181720784,-0.1998018519963768,-0.1996922481161092,-0.1975873853021465
1.9879518072289157,0.1738458104318081,0.1631055855309294,0.15073566353496398,0.13685964061554298,0.12161616140687392,0.1051575337143854,0.08764820670548197,0.06926312778782245,0.05018599459265304,0.03060741952879814,0.010723025246479067,-0.009268509959541767,-0.029167437277809002,-0.048774933204269275,-0.06789508612100173,-0.08633685378034489,-0.10391597213588417,-0.12045679644789523,-0.13579405626752192,-0.14977450676447052,-0.16225845989869825,-0.17312118013713387,-0.1822541307698931,-0.18956605837320534,-0.19498390458346027,-0.1984535360722269,-0.1999402854285771,-0.1994292975443963,-0.19692567804171304
2.0080321285140563,0.17182531531869352,0.1607486916145821,0.1480659201203106,0.13390372289628286,0.11840360393576138,0.10172043530374156,0.08402090970647219,0.06548187495303602,0.04628856695049905,0.02663275888795862,0.006710845102229326,-0.013278121229450985,-0.03313441696296986,-0.05265964455497695,-0.07165871438555473,-0.08994179402921382,-0.10732620499773729,-0.12363824800324985,-0.13871493850408514,-0.15240563519244987,-0.16457354515257663,-0.17509709065032023,-0.18387112389768873,-0.19080797765478416,-0.1958383411718847,-0.19891195271954454,-0.19999810178718044,-0.19908593593234164,-0.1961845692147278
2.0281124497991967,0.16973553924971163,0.15832698290078295,0.145336475674652,0.13089381442543155,0.11514330545021456,0.09824232262825544,0.08035973499318906,0.06167421944946743,0.04237247549179327,0.022647359765483224,0.0026959591066182875,-0.01728237868447438,-0.03708803666054664,-0.05652312323398159,-0.07539344944412313,-0.09351046922917994,-0.11069316331615026,-0.12676984790556062,-0.1415798900792389,-0.15497531279133503,-0.1668222734060475,-0.17700240100899872,-0.1854139791302829,-0.19197296206181014,-0.19661381461424007,-0.19929016692293075,-0.1999752777602982,-0.19866230172532295,-0.1953643576405343
2.0481927710843375,0.16757732483459845,0.1558414358364205,0.1425484307256947,0.12783112881540423,0.1118365805213434,0.09472459808297179,0.07666615877234423,0.05784169654572613,0.03843929920714606,0.018652829097231063,-0.0013200139152179297,-0.02127966778496465,-0.04102670224832697,-0.060363811464448615,-0.07909778543004076,-0.09704144046986757,-0.11401548951415486,-0.12985033347572672,-0.1443877558280226,-0.15748250345233145,-0.16900373795893903,-0.1788363429810692,-0.186882074379568,-0.19306054186586677,-0.19731001223517217,-0.19958802618424232,-0.19987182255070937,-0.19815856573509022,-0.1944653740331591
2.068273092369478,0.1653515422778253,0.15329305260837367,0.1397029094292054,0.12471690095866261,0.10848476243966719,0.09116868003466934,0.07294167031512397,0.053985851537100484,0.03449062397586814,0.014650777500953394,-0.0053354546998477135,-0.025268376800954784,-0.044948825633681494,-0.06418016065878294,-0.08277022873372217,-0.10053328404335411,-0.11729184401071027,-0.1328784626442402,-0.14713740360280894,-0.15992619626173746,-0.17111705923219078,-0.1805981771105754,-0.18827481770109153,-0.19407027854851872,-0.19792665332379408,-0.1998054104049111,-0.1996877778721498,-0.19757493107089338,-0.19348798086796568
2.0883534136546187,0.1630590890277267,0.15068286073942402,0.13680105911574456,0.12155238652979848,0.1050892026775236,0.08757600224996678,0.06918777135670581,0.050108239122485236,0.03052804192653438,0.010642818626882588,-0.00934874419844091,-0.029246897462017557,-0.04885282539389258,-0.06797063204302907,-0.0864092986048952,-0.10398459201821784,-0.12052090576083062,-0.13585301445199585,-0.14982772472979292,-0.16230540590855086,-0.17316138512250479,-0.18228719301585827,-0.1895916475327321,-0.19500176497812535,-0.1984634892468706,-0.1999422319343685,-0.19942321793249293,-0.19691163305758738,-0.1924325722355023
2.108433734939759,0.1607008894146446,0.14801191267395303,0.13384404982805673,0.11833886147923922,0.10165127034414785,0.08394801331722034,0.06540597549075094,0.046210422777518995,0.02655315079502904,0.006630568507099759,-0.01335826422957792,-0.033213625605728735,-0.05273712741379205,-0.07173369727731327,-0.0900135277496474,-0.10739397280722336,-0.12370137278823717,-0.13877278954258826,-0.15245763445601512,-0.16461917308175114,-0.1751358913459183,-0.18390270967598574,-0.1908320329211242,-0.19585462557399813,-0.1989203035490684,-0.1999984356053865,-0.19907824940382873,-0.19616893914074798,-0.19129957368260286
2.1285140562248994,0.15827789427823272,0.14528128535359,0.13083307384930232,0.11507762151877665,0.09817235163363956,0.08028617606244406,0.06159780755911396,0.042293974124181344,0.022567553280328903,0.002615644903940723,-0.01736239813171038,-0.0371669618244752,-0.05660016552045394,-0.0754678390720797,-0.09358146292204797,-0.1107600517284181,-0.12683196271032324,-0.14163661064589958,-0.15502607238674093,-0.16686656485710027,-0.1770397817701603,-0.18544407570534416,-0.19199547373574166,-0.1966285164578373,-0.19929691204023225,-0.19997399875632152,-0.19865301137945307,-0.1953471487788362,-0.19008944204080336
2.1485943775100402,0.1557910805840726,0.14249207978298326,0.12776934522232167,0.11176998159912886,0.09465384926604137,0.07659196695949023,0.057764803037018066,0.038360472297105305,0.01857285639828604,-0.001400333342294822,-0.021359531415008137,-0.04110531211034505,-0.06044038211468499,-0.07917155179986923,-0.09711166551010456,-0.11408147155941172,-0.12991141325521802,-0.14444332305278193,-0.1575320029130171,-0.16904667507330218,-0.17887228873565628,-0.18691066961628125,-0.19308150087055326,-0.1973231255923852,-0.19959316286965134,-0.19986893124025173,-0.1981476753177843,-0.19444659332245467,-0.18880266524214526
2.1686746987951806,0.15324145102975562,0.13964542058586882,0.12465409926012688,0.10841727537974469,0.09109718192175448,0.07286687553472686,0.05390850741394291,0.034411503306862205,0.014570670833670071,-0.005415746966068755,-0.025348052412330558,-0.04502708849784048,-0.06425622879905656,-0.08284334210239765,-0.10060271211581973,-0.11735689308461583,-0.13293848277074166,-0.14719179508064217,-0.15997441562923548,-0.17115862469737275,-0.18063267336505293,-0.18830190006969277,-0.1940896764331689,-0.1979381729072419,-0.19980893658728657,-0.19968327542100422,-0.19756244497323028,-0.19346763588074556,-0.1874397621224382
2.1887550200803214,0.15063003364058924,0.13674245555161532,0.12148859204781588,0.10502085469106402,0.08750378366951803,0.06911240376645143,0.050030475570473756,0.030448659400472363,0.01056261029073017,-0.009428976929502338,-0.02932635292906064,-0.0489307097041552,-0.06804616700222803,-0.08648172949268683,-0.10405319512911378,-0.12058499563522398,-0.13591195072504703,-0.14988091852974322,-0.1623523257405348,-0.17320156217907076,-0.1823202258611379,-0.18961720611345453,-0.19501959392140056,-0.1984734104117908,-0.19994414619193335,-0.19941710615607358,-0.19689755631403358,-0.19241067117498245,-0.18600128221206266
2.208835341365462,0.14795788135509172,0.1337843551724292,0.11827409993611204,0.10158208898945265,0.08387510338818488,0.06533006547928537,0.04613227115136534,0.026473538419402337,0.006550290842540923,-0.013438405075180888,-0.03329282889153761,-0.052814601766756154,-0.0718086685993074,-0.0900852469520045,-0.10746172329538053,-0.12376447762171217,-0.13883061819874468,-0.15250960913003625,-0.16466477445987485,-0.17517466379424793,-0.18393426579303415,-0.19085605740860095,-0.19587087838716577,-0.19892862229519026,-0.19999873716630107,-0.1990705307664391,-0.1961532774271275,-0.1912761253794169,-0.18448780551439592
2.2289156626506026,0.14522607160044082,0.13077231217140492,0.11501191902673161,0.09810236480502893,0.08021260418252477,0.06152138573379054,0.04221546593507062,0.0224877431553053,0.00253533027939167,-0.017442414778604875,-0.03724588099382936,-0.056677198678014865,-0.07554221652800057,-0.09365244152137546,-0.11082692227644991,-0.12689405705864795,-0.14169330836831448,-0.15507680697834528,-0.16691082939462557,-0.17707713397697936,-0.18547414237055349,-0.19201795444316117,-0.1966431865876696,-0.19930362501338938,-0.19997268749899474,-0.1986436889932921,-0.195329908410042,-0.19006445594944205,-0.1828999422719513
2.248995983935743,0.1424357058580493,0.1277075410216128,0.11170336464978887,0.0945830851826075,0.0765177627932926,0.057687900211556675,0.03828163919999139,0.018492880703767287,-0.0014806525435151433,-0.021439391600021517,-0.04118391534258111,-0.060516943016630076,-0.0792453054002986,-0.09718187488742253,-0.11414743520472824,-0.1299724720815938,-0.14449886698060724,-0.15758147696572536,-0.16908958492251272,-0.17890820564033993,-0.18693923470659893,-0.1931024287335649,-0.19733620712380143,-0.1995982673631344,-0.19986600769339008,-0.19813675294169175,-0.19442778124990273,-0.1887761514371444,-0.18123833272032538
2.2690763052208833,0.13958790921944092,0.12459127745641588,0.10834977083344713,0.09102566911598292,0.0727920690017976,0.05383115459600523,0.034332377087703474,0.014490561816316486,-0.005496038358796323,-0.02542772393537678,-0.045105344099682976,-0.06433228657558958,-0.08291644210945946,-0.10067212396230348,-0.11742192323029582,-0.1329984814558984,-0.14724616281824654,-0.16002260919482492,-0.1712001625567705,-0.18066714048569854,-0.1883289520675101,-0.19410904301353793,-0.1979496605656933,-0.1998124305429344,-0.19967874076339862,-0.1975499270111711,-0.19344725968957177,-0.18741173129431657,-0.17950364683005052
2.289156626506024,0.1366838299326074,0.12142477797121545,0.10495248976603033,0.08743155097578359,0.06903702502921509,0.04995270394916107,0.030369271963415618,0.01048240025095843,-0.009509208139785584,-0.029405803666123154,-0.049008586122495174,-0.06812169098641595,-0.08655414643203757,-0.1041217814575073,-0.12064906606073844,-0.13597086507716966,-0.14993408815574205,-0.1623992193870824,-0.17324171130035185,-0.18235322930040415,-0.1896427341112503,-0.19503739141041027,-0.19848329956538738,-0.19994602820096294,-0.1994109622161241,-0.196883447813322,-0.19238873908098436,-0.18597174566301142,-0.17769658403645966
2.3092369477911645,0.13372463893902817,0.11820931931682499,0.10151289125081393,0.08380217993112532,0.06525414493088255,0.04605411208464289,0.02639392177391893,0.006470012121500528,-0.013518543753334153,-0.03337202680762206,-0.052892067601373605,-0.07188362833944527,-0.09015695162471754,-0.1075294564512815,-0.12382756249349687,-0.13888842446322736,-0.15256155920613043,-0.16471034927959255,-0.1752134079890556,-0.18396579224374443,-0.19088005111333955,-0.19588709960876624,-0.19893690895656835,-0.19999900646987553,-0.1990627800214176,-0.19613758407639226,-0.19125264622574098,-0.1844567751537216,-0.1758178729576695
2.3293172690763053,0.1307115294015397,0.11494619798467648,0.09803236215371165,0.0801390193652976,0.06144495398582322,0.042136950937123864,0.022407929403284902,0.002455015245924979,-0.017522428612251992,-0.03732479415588024,-0.05675422269423952,-0.07561658179988973,-0.09372340501571413,-0.11089377494946014,-0.1269561309405196,-0.14174998323733876,-0.15512751655796514,-0.1669550670114838,-0.17711445762343134,-0.18550417912106143,-0.19204040418044277,-0.19665782500137088,-0.19931030584131948,-0.19997134398852934,-0.19863433456834367,-0.19531263653693243,-0.19003943920301816,-0.18286743061127395,-0.17386827110079767
2.3493975903614457,0.127645716223246,0.11163672968406807,0.09451230584408356,0.07644354628571955,0.05761098808174545,0.0382027999285193,0.018412902026574075,-0.0015609715059243935,-0.021519248327124332,-0.0412625119323574,-0.06059349415793537,-0.07931904621943343,-0.09725206859049756,-0.11421338043946538,-0.130033509945006,-0.1445543876025398,-0.15763092560247663,-0.16913246749964983,-0.17894409368932723,-0.18696776964591388,-0.1931233254515263,-0.19734925682731094,-0.1996033396638682,-0.19986305191059595,-0.1981257986085743,-0.19440893781853744,-0.18874960718486866,-0.1812043528685336,-0.17184856455653144
2.3694779116465865,0.12452843555766187,0.10828224881166203,0.09095414162888876,0.0727172507284015,0.053753793095763315,0.03425324533115387,0.01441045046181306,-0.005576328865080488,-0.025507391357243493,-0.045183592426587496,-0.06440833397611494,-0.0829895287431176,-0.10074151957160991,-0.11748693443726176,-0.1330584586900335,-0.14730050680685322,-0.1600707769507328,-0.1712416728036846,-0.18070157846695328,-0.18835597369018037,-0.1941283782865022,-0.19796111629729543,-0.19981589227129107,-0.19967417390006437,-0.19753737718673475,-0.19342685229773068,-0.18738367023898428,-0.17946821248801612,-0.1697595676821713
2.389558232931727,0.12136094431028954,0.10488410791344889,0.08735930418041365,0.06896163515715446,0.04987492427109071,0.030289879628168266,0.010402188520504176,-0.00958943781635043,-0.029485249660390674,-0.049086454636352084,-0.06819720398341171,-0.08662654941126753,-0.10419035099233612,-0.12071311702704024,-0.13602975749886156,-0.14998723359921382,-0.16244608684063047,-0.1732818324798725,-0.182386203328334,-0.18966823152200205,-0.195055157442284,-0.1984931567060653,-0.1999478779611537,-0.19940478611363532,-0.19686930755772827,-0.19236677595704535,-0.18594217911900152,-0.17765970949151322,-0.16760212277327782
2.4096385542168672,0.11814451963182654,0.1014436771393926,0.08372924295780332,0.06517821385778753,0.04597594558995776,0.02631430087142016,0.0063897323569267256,-0.013598680251112334,-0.03345121934120842,-0.05296952490515014,-0.07195857648563658,-0.09022864175622147,-0.10759717226400167,-0.12389062739341655,-0.13894620832671287,-0.15261348467591868,-0.16475589753355374,-0.17525212392409237,-0.18399728902303167,-0.1909040140314701,-0.1959032892361832,-0.19894516353186617,-0.19999924351606643,-0.1990549971700144,-0.19612185909107352,-0.19122913622536197,-0.1844257150424348,-0.17577957307783976,-0.16537709972405262
2.429718875502008,0.11488045840321133,0.09796234369097838,0.08006542162263079,0.061368512327539426,0.042058429143004415,0.02232811203714077,0.0023746998164945674,-0.017602439619746564,-0.03740370129790021,-0.05683123755670505,-0.07569093487575279,-0.09379435339361858,-0.11096060973666635,-0.12701818434592657,-0.1418066352438316,-0.15517820111742173,-0.1669992777005401,-0.17715175270349645,-0.18553418595202342,-0.19206282294396562,-0.19667243169658016,-0.19931695452294496,-0.19996996822514196,-0.19862494810611647,-0.19529533316229325,-0.19001439180556662,-0.1828348894563258,-0.17382856132881652,-0.16308539567659264
2.4497991967871484,0.11157007671271375,0.09444151126188532,0.0763693174487412,0.057534066659989364,0.03812395449540474,0.018332920379605894,-0.001641290216568199,-0.021599101583436756,-0.041341101866997264,-0.06067003552625422,-0.07939277424538023,-0.09732224660800837,-0.11427930725298685,-0.13009452683561,-0.14460988490962495,-0.15768034881529547,-0.169175322797797,-0.17897995287682977,-0.18699627442962372,-0.19314419102106703,-0.19736227470080894,-0.19960837977103466,-0.19986006389234606,-0.19811481232019867,-0.19439006303139805,-0.18872303248959935,-0.18117034379070507,-0.17180746090360746,-0.1607279346591569
2.4698795180722892,0.10821470932528017,0.09088259947200857,0.07264242072660589,0.053676422925694814,0.034174108049976545,0.014330336783081127,-0.005656618471971291,-0.025587054665081238,-0.045261833465933377,-0.06448437098836694,-0.0830626019915838,-0.10081089893254652,-0.1175519266950279,-0.13311841446347325,-0.14735482703769712,-0.1601189188891901,-0.17128315543141986,-0.18073598730326254,-0.18838296493334525,-0.19414768224894308,-0.1979725401002007,-0.1998193217717983,-0.19966957483173808,-0.19752479550194543,-0.19340641370851383,-0.18735557896096722,-0.17943274919996308,-0.16971708672153388,-0.15830566721359318
2.4899598393574296,0.10481570914434901,0.0872870432950609,0.06888623416242899,0.04979713654880758,0.030210482407535322,0.010321975112304753,-0.009669665946256633,-0.02956469089904953,-0.049164315233166694,-0.06827270598103598,-0.08669893841869887,-0.10425890372254087,-0.12077714852379873,-0.13608862798062427,-0.1500403548515868,-0.16249292809361965,-0.17332192571116167,-0.18241914793960914,-0.18969369834159744,-0.1950728920141563,-0.19850298183223472,-0.1999496954722073,-0.19939857784960346,-0.19685513554953293,-0.19234478180670786,-0.1859125825848017,-0.17762280629223748,-0.16755828163349473,-0.15581957001207403
2.5100401606425704,0.10137444666635193,0.08365629247998255,0.065102272272247,0.04589777167991715,0.026234675724747743,0.006309451561767477,-0.013678814555590571,-0.033530406479524,-0.05304697366559289,-0.07203351302579333,-0.0903003173349537,-0.10766487072261954,-0.12395367231129946,-0.1390039697798815,-0.15266538553102624,-0.1648014192144121,-0.1752908115931139,-0.18402875612581587,-0.19092794615912773,-0.19591944726680555,-0.19895338601975238,-0.19999944830483554,-0.19904718221348475,-0.1961061024737074,-0.19120559538207174,-0.184394625185545,-0.17574124484692358,-0.16533191608212372,-0.1532706454632965
2.5301204819277108,0.09789230942812215,0.07999181096639468,0.06129206077126818,0.04197990056537685,0.022248291069746375,0.002294384004054239,-0.01768244778818389,-0.037482602407162606,-0.056908243252989925,-0.07576527574359765,-0.09386528664364571,-0.11102742662728902,-0.12708021726486018,-0.14186326437865568,-0.15522886064854016,-0.16704346145466384,-0.1771890192111595,-0.18556416285859978,-0.1920852107301139,-0.19668700667094155,-0.1993235710571935,-0.19996856020905457,-0.19861552960812445,-0.19527799828891523,-0.18998931376112727,-0.18280231881235542,-0.1737888235204232,-0.16303888775082231,-0.15065992130830622
2.5502008032128516,0.09437070144743116,0.07629507629432984,0.05745713595869473,0.03804510291336444,0.018252935775762712,-0.001721608662492049,-0.021678951356079355,-0.041419685133825275,-0.060746567109241506,-0.07946648946624764,-0.09739240892863603,-0.1143452156346596,-0.13015552274356468,-0.14466535889291166,-0.15772974659621053,-0.16921815081004238,-0.17901578319706404,-0.18702474905313105,-0.19316502543882175,-0.19737526074219586,-0.19961338768382086,-0.19985704363912232,-0.19810379407833692,-0.19437115689152876,-0.18869642735562261,-0.18113630549232496,-0.17176632954024995,-0.1606801212018085,-0.14798845020610502
2.570281124497992,0.09081104265688128,0.07256757900848003,0.05359904409827851,0.03409496525693528,0.014250220793041862,-0.005736907166518914,-0.025666713846041217,-0.04534006720510137,-0.06456039760008184,-0.08313566184307239,-0.10088026203392308,-0.11761689999311192,-0.13317834876654758,-0.14740912350201713,-0.16016703500243223,-0.1713246104332857,-0.18077036698907664,-0.18840992579265137,-0.19416695489774716,-0.19798393197256653,-0.19982271904390286,-0.19966494355916153,-0.1975121819588324,-0.19338594392521768,-0.1873274574647962,-0.17939725697161119,-0.16967457838761468,-0.15825656750332778,-0.14525730930921382
2.5903614457831323,0.08721476833138003,0.06881082205719986,0.0497193407948578,0.030131080314322586,0.010241760039297507,-0.009749892516564473,-0.029644127369286913,-0.049242167900381134,-0.06834819696711124,-0.08677131344265619,-0.10432743963706487,-0.1208411605406865,-0.1361474765129625,-0.15009345190429316,-0.16253974313849506,-0.17336199098775273,-0.18245206312891604,-0.18971913456592882,-0.19509059512316684,-0.198512774942311,-0.19995148073383062,-0.19939233742502982,-0.19684093179102186,-0.19232275663351917,-0.18588295606518546,-0.17758587444458446,-0.16751441346861862,-0.15576920384617735,-0.142467599829358
2.610441767068273,0.08358332850942934,0.06502632018650947,0.04581959036712963,0.026155046346744405,0.0062291697489712675,-0.013758946653843834,-0.03360958820979681,-0.05312441387021027,-0.072108437947829,-0.09037197834935362,-0.10773255181621583,-0.12401669723697738,-0.13906170881341678,-0.15271726176308187,-0.1648469143148254,-0.1753294709898802,-0.18406019354702174,-0.1909518474924524,-0.1959355736980271,-0.19896157641890078,-0.19999962083614986,-0.19903933515308914,-0.19609031422683543,-0.1911820236996672,-0.1843635055880668,-0.17570288827110292,-0.16528670577418716,-0.15321903314969648,-0.13962044659345263
2.6305220883534135,0.0799181874084619,0.061215599329340335,0.04190136521690689,0.022168466513975863,0.0022140678215579485,-0.017762453104659456,-0.037561497470941466,-0.05698523977067404,-0.07583960439143397,-0.09393620475435488,-0.11109422561055121,-0.12714222968731548,-0.14191987063267744,-0.1552794951431499,-0.1670876182667287,-0.17722625714040977,-0.18559410983595556,-0.19210756753527666,-0.1967015499221043,-0.19933015544299792,-0.1999671199404942,-0.19860607907588673,-0.1952606319195943,-0.18996420507374476,-0.18276971868461597,-0.17374905768202697,-0.1629923535288817,-0.15060708365738468,-0.13671699759006584
2.6506024096385543,0.07622082283445973,0.05738019599026987,0.03796624519511635,0.018172948227945247,-0.001801926830741476,-0.02175879763217325,-0.041498261720166574,-0.060823088894553456,-0.07954019187014616,-0.0974625555410641,-0.11441110557385328,-0.13021649765903182,-0.14472080954345254,-0.1577791189372546,-0.16926095152947807,-0.17905158464425092,-0.18705319351184313,-0.19318582870143014,-0.19738821494937722,-0.19961836340141903,-0.19985399115141192,-0.19809274388476608,-0.19435221940197894,-0.18866979178722942,-0.1811022379788834,-0.171725170473093,-0.16063228182872982,-0.14793440852230685,-0.1337584235065428
2.6706827309236947,0.07249272558609486,0.05352165662599454,0.03401581696479476,0.014170102504616991,-0.005817194935773866,-0.025746368887275464,-0.04541829363147344,-0.06463641379899754,-0.08320870828579972,-0.10094960886455231,-0.11768185432103442,-0.13323826158958985,-0.14746339619105578,-0.1602151252826986,-0.1713660378025959,-0.18080471751885058,-0.1884368562637504,-0.19418619622980596,-0.1979952919125556,-0.1998260840870569,-0.19966028008308168,-0.1974995365594301,-0.19336544295114375,-0.18729930575500686,-0.17936173580868495,-0.16963204268726975,-0.1582074422682216,-0.1452020853824569,-0.1307459172569787
2.6907630522088355,0.06873539885363021,0.04964153702178895,0.03005167336133645,0.010161543314420056,-0.009830117514334477,-0.029723559058290612,-0.04932001262543863,-0.06842367692946189,-0.08684367447146638,-0.10439595872485417,-0.12090515306737915,-0.13620630308638487,-0.1501465247487692,-0.16258653196770612,-0.17340202830318374,-0.18248494889094588,-0.18974454019089382,-0.19510826676646031,-0.19852253603471462,-0.1999532337457357,-0.1993860648409209,-0.19682669628448585,-0.19230070044103184,-0.1858532995649313,-0.1775489139545108,-0.16747051828572476,-0.15571881255662098,-0.14241121592624736,-0.12768069350122796
2.710843373493976,0.06495035761282515,0.04574140166420499,0.026075412750253303,0.0061488869314864775,-0.013839076532947976,-0.03368876451925571,-0.05320184550651202,-0.07218335123965916,-0.09044362478786329,-0.10780021553387459,-0.124079702160285,-0.13911942541800623,-0.1527691133637187,-0.16489238282745589,-0.175368102108156,-0.18409160128157886,-0.19097571802758911,-0.19595166852724688,-0.19896973472799032,-0.19999976110998152,-0.19903145599009311,-0.19607449435300395,-0.19115842118195014,-0.18433235625501931,-0.17566450335656417,-0.16524146880753487,-0.15316739612374808,-0.13956292544830248,-0.12456398815514712
2.7309236947791167,0.06113912801408803,0.041822823110261136,0.022088638382703866,0.0021337512819596203,-0.017842455556269565,-0.03764038647651217,-0.057062227097338984,-0.0759139208072736,-0.09400710771430792,-0.11116100667567924,-0.1272042216032906,-0.14197645399676714,-0.15533010459308394,-0.16713174812961282,-0.17726346648524124,-0.18562402687926072,-0.1921298933558481,-0.1967160614477227,-0.19933670767929623,-0.19996564741969325,-0.19859659651092754,-0.1952432340571314,-0.18993906574746894,-0.18273708907836542,-0.17370926382004154,-0.16294579301827616,-0.15055422171539,-0.13665836239573276,-0.12139705789226614
2.751004016064257,0.05730324676712409,0.0378873813533791,0.018092957749054325,-0.001882244708362235,-0.021838640398840307,-0.04157683161334791,-0.060899600869848226,-0.07961388144518862,-0.09753268643397892,-0.1144769770599407,-0.13027745157217707,-0.14477623685230426,-0.1578284658304644,-0.169303724949201,-0.1790873572126161,-0.18708160780117233,-0.19320660080553687,-0.1974011373202636,-0.19962330692302674,-0.19985090642970715,-0.19808166174126843,-0.19433325056580297,-0.18864312578871598,-0.1810681412558749,-0.17168398370877502,-0.16058441654763683,-0.14788034297850536,-0.1336986979050748,-0.11818117963709039
2.7710843373493974,0.05344426052132474,0.0339366631863208,0.01408998193072861,-0.005897481766786717,-0.025826019775936595,-0.04549651273243244,-0.06471241957285342,-0.08328174130798427,-0.10101893941324941,-0.11774678966831909,-0.13329815292293679,-0.1475176450960596,-0.16026318972223286,-0.17140743753266885,-0.18083903888704408,-0.18846375634229867,-0.19420540624201613,-0.19800661991833565,-0.19982941690071762,-0.19965558440425066,-0.19748685930577803,-0.1933449107895986,-0.18727112383613975,-0.1793261857169134,-0.1695894796273596,-0.1581582915161979,-0.1451468380363868,-0.13068512533008186,-0.1149176500502376
2.791164658634538,0.049563725242149914,0.02997226156138465,0.010081324950610553,-0.00991034092662716,-0.029802985953249185,-0.0493978493957837,-0.06849914585591359,-0.0869160214934583,-0.10446446097485734,-0.12096912609355535,-0.13626510769140324,-0.15019957337645456,-0.16263329457370623,-0.17344203765099722,-0.1825178052203945,-0.1897699152123947,-0.19512590694118645,-0.19853226510787123,-0.19995495450763984,-0.19937976009828834,-0.196812429032221,-0.19227861323280315,-0.18582361308882234,-0.17751192482797776,-0.1674265960918931,-0.15566839615153263,-0.14235480905395656,-0.12761885976055698,-0.11160778500561613
2.8112449799196786,0.04566320558375401,0.025995774948118267,0.006068603122261651,-0.013919204179979031,-0.03376793539513062,-0.053279268562009464,-0.07225825288920135,-0.0905152566389271,-0.10786786186468245,-0.12414268707106046,-0.13917711958434092,-0.15282094032457383,-0.1649378247449701,-0.1754067049417107,-0.18412297932442157,-0.1909995577606879,-0.1959677317518691,-0.1989778609457052,-0.19999986912630788,-0.19902354472576755,-0.1960586428547645,-0.19113478783272742,-0.18430117719142655,-0.17562609010949837,-0.165196205189463,-0.15311573439377976,-0.13950538179336644,-0.12450113753242205,-0.10825291905985819
2.8313253012048194,0.04174427425810781,0.022008806688805768,0.002053434398213415,-0.01792245513011063,-0.0377192694111507,-0.05713920522056731,-0.07598822497913009,-0.094077995512069,-0.11122776981190197,-0.12726619300278694,-0.14203301446179825,-0.15538068899017982,-0.16717585103619842,-0.17730064723965255,-0.18565391398369002,-0.1921521881882272,-0.1967305412454563,-0.19934322776503166,-0.1999641426468891,-0.19858708191477628,-0.19522580470433268,-0.18991389578635454,-0.1827044299988667,-0.17366944194088518,-0.16289920622651533,-0.15050133549084846,-0.13659970516008424,-0.12133321572921973,-0.1048544049142176
2.8514056224899598,0.03780851140087261,0.018012964351991605,-0.001962562282400038,-0.02191847964320287,-0.0416553948006969,-0.0609761030227852,-0.07968755817948969,-0.09760280159606921,-0.1145428300822976,-0.13033838447316934,-0.14483164081052688,-0.15787778726788096,-0.16934647106231232,-0.17912310089638994,-0.18710999191653574,-0.19322734174779166,-0.19741402785277082,-0.1996282182478466,-0.19984778947450554,-0.1980705476496314,-0.19431425038606032,-0.18861642936438305,-0.18103401532879895,-0.17164276925393893,-0.1605365253662496,-0.14782625358342066,-0.13363895073964877,-0.11811637167525019,-0.10141361286915407
2.8714859437751006,0.033857503934279755,0.014009859084299001,-0.005977767646608273,-0.025905666499178,-0.04557472449536276,-0.06478841490939084,-0.08335476089784691,-0.10108825366883226,-0.11781170602449267,-0.13335802275692873,-0.14757187020827903,-0.16031122831328293,-0.17144880961682707,-0.18087333108812154,-0.18849062602395755,-0.1942245849312793,-0.19801791598807963,-0.1998327174843475,-0.19965085652342585,-0.1974741501999209,-0.19332434744389376,-0.18724291171274013,-0.17929060670203037,-0.16954688921474903,-0.15810911525518415,-0.14509156727991432,-0.1306243123252791,-0.11485190242054655,-0.09793193027181944
2.891566265060241,0.029892844927275144,0.010001104960807056,-0.009990562740503651,-0.02988240804135213,-0.04947567819886232,-0.0685746037342943,-0.08698835449696346,-0.10453294637602595,-0.12103307960889714,-0.13632389031853318,-0.15025259777879338,-0.16268003094895325,-0.17348201902473998,-0.18255063211196265,-0.1897952596263388,-0.19514351564450014,-0.19854196216021164,-0.1999566430192654,-0.1993734231981491,-0.19679813003652838,-0.19225649501239553,-0.1857938966416467,-0.17747490707095134,-0.16738264689420757,-0.1556179546390438,-0.14229837922158334,-0.1275570054365312,-0.11154112421789718,-0.09441076095667152
2.9116465863453813,0.025916132953184075,0.005988318334245759,-0.01399932958201339,-0.03384710082465226,-0.053356683024215215,-0.07233314288437467,-0.09058687389099156,-0.10793549079772893,-0.12420565195914512,-0.13923479130311545,-0.15287274263728795,-0.16498324006003873,-0.175445279484318,-0.18415432767048892,-0.19102336668790368,-0.1959837633693028,-0.19898595507073477,-0.19999994488511158,-0.19901560136138846,-0.19604275973467372,-0.1911111236558107,-0.1842699684023173,-0.17558764853610112,-0.16515091492727194,-0.1530640479681239,-0.13944781563792555,-0.12443826682919253,-0.10818537199212436,-0.09085152467944013
2.931726907630522,0.021928971445157527,0.0019731171832735486,-0.01800245181327979,-0.03779814626213431,-0.05721617412794357,-0.07606251689501903,-0.0941488681362047,-0.11129451500845143,-0.12732814387580924,-0.14208955201864845,-0.1554312483262787,-0.16721992697937235,-0.17733779939764693,-0.18568377114442303,-0.19217445202881822,-0.1967449893129696,-0.19934971569915258,-0.19996260562232449,-0.19857753528896754,-0.1952083438640092,-0.18988869519446105,-0.1826717414513872,-0.17362959205098066,-0.16285259316111303,-0.15044842499228983,-0.13654102589258085,-0.12126935399661576,-0.10478599880183531,-0.08725565654467277
2.9518072289156625,0.01793296804965895,-0.0020428795399007357,-0.021998315352383932,-0.04173395126954228,-0.0610525953410256,-0.07976122206116625,-0.09767290101602634,-0.1146086646303028,-0.13039929635218087,-0.14488702140918452,-0.15792708324154933,-0.16938918986191767,-0.17915881568980743,-0.18713834585335534,-0.19324805152484925,-0.19742688654481977,-0.1996330973750865,-0.1998446402863098,-0.1980594016116475,-0.19429521886581544,-0.18858970251853646,-0.18099986020315964,-0.17160152711523208,-0.16048860829229236,-0.1477721403457767,-0.1335791820199012,-0.11805154466268981,-0.10134437529386142,-0.08362460642709335
2.9718875502008033,0.013929733978251358,-0.006058052562289321,-0.025985309044153544,-0.04565292890764965,-0.06486439979635253,-0.08342776704361013,-0.10115755162012124,-0.11787660337908495,-0.13341787108190936,-0.14762607151896806,-0.1603592410481005,-0.17149015404839796,-0.18090759411655194,-0.1885174653043933,-0.1942437322945022,-0.19802918011996562,-0.19983598583741422,-0.19964609644136977,-0.19746140924390854,-0.19330375291734592,-0.1872146693893585,-0.17925499876977444,-0.1695042714563075,-0.15805991349311183,-0.1450362731219539,-0.13056347825237907,-0.11478613626665429,-0.09786188915060523,-0.07995983838700299
2.9919678714859437,0.009920883357948239,-0.010070782943024978,-0.029961825309789643,-0.04955349902212165,-0.0686500505524336,-0.08706067347031528,-0.10460141491731403,-0.12109701360308961,-0.13638265095829386,-0.15030559794723342,-0.16272674108590915,-0.1735219724179636,-0.18258342956035573,-0.1898205734286384,-0.19516109287356131,-0.19855162719017186,-0.19995829928034015,-0.19936705414152517,-0.19678379929971426,-0.19223434578337636,-0.18576415022819726,-0.17743786068940198,-0.16733867069975678,-0.15556748802728998,-0.14224192643822905,-0.12749513053912698,-0.11147444543996472,-0.09433994453051886,-0.07626283007996376
3.0120481927710845,0.005908032580387572,-0.014079452726127996,-0.03392626079505231,-0.053434088880643354,-0.07240802121310044,-0.09065847653250583,-0.10800310232210647,-0.12426859681438358,-0.13929244056502815,-0.15292452029350612,-0.16502862876533692,-0.17548382572975652,-0.18418564631472478,-0.19104714480539642,-0.19599976337696234,-0.19899401710177353,-0.19999998838638036,-0.19900762589823695,-0.1960268449952934,-0.1910874286550168,-0.18423872989272516,-0.17554917864257247,-0.16510559802826646,-0.15301233685511673,-0.13939022699126455,-0.12437537605559877,-0.10811780747541849,-0.09077996150193937,-0.07253507216099865
3.032128514056225,0.0018927996500941121,-0.018082445592874644,-0.03787701701674121,-0.057293133807053614,-0.0761367965429581,-0.09421972557528419,-0.11136124225456251,-0.12739007421236578,-0.14214606665819893,-0.15548178259322606,-0.16726397595202566,-0.1773749229532321,-0.1857135983566441,-0.19219668487403022,-0.19675940564793237,-0.19935617148061255,-0.19996103634624737,-0.19856795663504112,-0.19519085153897725,-0.18986346397585308,-0.1826390234411992,-0.17358971415675528,-0.1628059538295875,-0.15039549022824775,-0.1364823246026869,-0.12120547270475429,-0.10471757578875827,-0.0871833754705092,-0.06877806768355116
3.0522088353413652,-0.002123196467909964,-0.022078147513506802,-0.04181250100721386,-0.06112907781223216,-0.07983487307833724,-0.09774298468254398,-0.11467448069333781,-0.13046018719938732,-0.14494237863934498,-0.15797635374351868,-0.16943188134112688,-0.17919450158710817,-0.187166669607058,-0.19326873013336945,-0.19743971339433652,-0.1996379443039595,-0.1998414588656279,-0.19804822362911453,-0.19427615600813786,-0.1885629452554869,-0.18096567588446574,-0.17156025729930635,-0.16044066533349355,-0.1477180032743012,-0.1335193917554721,-0.11798669860986506,-0.10127512137296567,-0.08355163660041183,-0.0649933314934456
3.072289156626506,-0.006138336500880802,-0.026064947398017776,-0.04573112595667976,-0.06494037422148312,-0.0835007597334991,-0.1012268332559394,-0.11794148172162866,-0.13347769788822583,-0.14768024901938473,-0.16040722791894194,-0.171531470820713,-0.18094182796680913,-0.1885442741792771,-0.19426284832859664,-0.19804041231217684,-0.19983922195939058,-0.1996413041588502,-0.19744863643979585,-0.19328312721327667,-0.18718639687054983,-0.1792193619258886,-0.16946162635890866,-0.1580106862379166,-0.14498095557142368,-0.13050262312119346,-0.11472035159916794,-0.09779183224547014,-0.07988620922965756,-0.06118238961809194
3.0923694779116464,-0.010151001521252694,-0.030041237745752788,-0.04963131185301026,-0.06872548629816283,-0.08713297840184964,-0.10466986658767848,-0.12116092806582102,-0.13644138960120786,-0.1503585738732264,-0.16277342497704017,-0.1735618978242241,-0.18261619756028402,-0.1898458566152107,-0.19517863862553497,-0.19856126019619302,-0.19995992329059692,-0.19936065292944383,-0.19676943682409004,-0.19221216554931805,-0.18573437385327177,-0.17740078568930479,-0.16729466751563352,-0.15551699632441088,-0.14218545071299896,-0.12743323507832396,-0.11140774868257322,-0.09426911288849171,-0.0761885712796543,-0.05734677865118387
3.112449799196787,-0.014159573599399606,-0.03400541529356312,-0.053511486118809175,-0.07248288786330156,-0.09073006455192113,-0.1080706964269098,-0.12433152162662349,-0.13935006736078082,-0.15297627328487723,-0.16507399085354402,-0.1755223436718089,-0.18421693525207794,-0.19107089210933093,-0.1960157317722671,-0.19900204703752114,-0.19999999963010723,-0.1989996183375994,-0.1960108986391904,-0.19106370283416738,-0.18420746166768853,-0.17551068043511728,-0.1650602544997558,-0.15296060106309892,-0.13933261586267184,-0.1243124652217843,-0.10805022552063824,-0.09070838368274585,-0.07246021365930076,-0.05348804513313409
3.1325301204819276,-0.018162436455993008,-0.037955881662250356,-0.05737008424548478,-0.07621106391096694,-0.09429056781787908,-0.11142795153947277,-0.1274519840024677,-0.14220255837133455,-0.15553229178287134,-0.16730799794705384,-0.17741201790042058,-0.1857433956155425,-0.19221888672027732,-0.1967737902480194,-0.19936259510837037,-0.1999594348189108,-0.1985583459545419,-0.19517332773205806,-0.18983820213460004,-0.1826062759735797,-0.1735498082646409,-0.1627592882394611,-0.15034253120726027,-0.13642360129987005,-0.12114157186393858,-0.10464913588602227,-0.08711108033473787,-0.06870263966384349,-0.04960774492750147
3.1526104417670684,-0.02215797611369571,-0.0418910440010427,-0.06120555042406928,-0.07990851121912373,-0.09781305258431866,-0.1147402782607875,-0.1305210570049679,-0.14499771249207985,-0.15802559876584235,-0.16947454549305443,-0.17923015858253655,-0.18719496317307552,-0.19328937757001696,-0.19745250839925232,-0.1996427590336838,-0.19983824521297291,-0.19803701370383528,-0.19425706181610225,-0.18853615757955,-0.18093146237823077,-0.17151895981281806,-0.1603926964975857,-0.1476638423777259,-0.13345957995600466,-0.11792183352723484,-0.10120585111763658,-0.08347865329787726,-0.06491736436873957,-0.04570744259365725
3.1726907630522088,-0.026144581547926093,-0.04580931562984097,-0.06501633817252897,-0.083573738955741,-0.10129609856511253,-0.11800634104165982,-0.13353750316622898,-0.14773440270079097,-0.16045518891806743,-0.17157275992710838,-0.18097603263337161,-0.18857105264428498,-0.1942819330304793,-0.1980516125629017,-0.19984242584975467,-0.1996364796766401,-0.197435831789643,-0.19326247033501276,-0.1871580941608742,-0.17918369617612073,-0.16941895392943065,-0.15796143349753822,-0.14492561463724596,-0.1304417469415373,-0.11465454842869777,-0.09772175956771349,-0.07981256718764762,-0.06110591401876969,-0.041788710755945875
3.1927710843373496,-0.030120645336433216,-0.04970911667897777,-0.06880091095931531,-0.08720526927990475,-0.10473830137607897,-0.12122482298678272,-0.1365001062378014,-0.15041152554822812,-0.16282008261481687,-0.17360179523708208,-0.18264893610646227,-0.1898711091819778,-0.19519615289759124,-0.19857086117672149,-0.19996151504977377,-0.19935421956293756,-0.1967550426119722,-0.19218995431379793,-0.18570456752167272,-0.17736368207663944,-0.16725063734893494,-0.15546647953855017,-0.14212895205500173,-0.12737131906410487,-0.11134103395647993,-0.09419826604201441,-0.07611430019106397,-0.05726982541264678,-0.037853129469593794
3.21285140562249,-0.03408456430741799,-0.05358887472622938,-0.07255774282290303,-0.09080163793769129,-0.10813827310123705,-0.12439442638571581,-0.13940767168107893,-0.15302800160305416,-0.16511932631734375,-0.1755608333042629,-0.18424819447750176,-0.19109460859587704,-0.19603166855264165,-0.19901004487668258,-0.19999997861629035,-0.19899157868076736,-0.1959949206689367,-0.19103994619708917,-0.18417616373225054,-0.17547215391994478,-0.1650148843490532,-0.15290884060041465,-0.13927498226143928,-0.12424953433789575,-0.10798262613868355,-0.09063679123340403,-0.07238534347066031,-0.05341064528337108,-0.03390228558362226
3.2329317269076303,-0.03803474018594191,-0.057447025430826006,-0.0762853189870672,-0.09436139485256334,-0.11149464285242289,-0.1275138732361299,-0.14225902714894398,-0.1555827758870681,-0.16735199295735664,-0.17744908423322933,-0.1857731629163123,-0.19224105756397866,-0.19678814311091064,-0.19936898658139,-0.1999578010405731,-0.19854870324901996,-0.19515577244607799,-0.18981290967477643,-0.18257349905381046,-0.1735098743810738,-0.1627125963982603,-0.1502895479378688,-0.1363648559936018,-0.12107765148447508,-0.1045806791046659,-0.08703877114901909,-0.06862720056324378,-0.04952992967457718,-0.029937772101020183
3.253012048192771,-0.04196958023836043,-0.06128201316420279,-0.07998213647164873,-0.0978831047100491,-0.11480605732203936,-0.13058190575910478,-0.14505302295846442,-0.15807481830057757,-0.16951718231081914,-0.17926578667034143,-0.18722322654684434,-0.19330999383146175,-0.19746527155750337,-0.19964754156348294,-0.1998349993288632,-0.19802577183761783,-0.19423793629278818,-0.18850933949504634,-0.1808972196899729,-0.17147763466242796,-0.1603447017923058,-0.1476096576647864,-0.13339974663114618,-0.11785694942526106,-0.10113656453904661,-0.0834056565312613,-0.0648413867736601,-0.04562924331312943,-0.0259611875364365
3.2730923694779115,-0.04588749791452206,-0.06509229163723784,-0.08364670469856518,-0.10136534753646896,-0.1180711813287174,-0.13359728690627276,-0.14778853255445232,-0.1605031240377415,-0.17161402136092463,-0.1810102081107226,-0.1885978006950979,-0.1943009863970722,-0.19806278087033374,-0.19984559750798975,-0.1996316229955175,-0.19742299529551519,-0.19324178228588582,-0.18712976126489647,-0.17914800152622323,-0.16937625417475605,-0.15791215527992053,-0.14487025032834644,-0.13038084972322947,-0.11458872676585699,-0.09765167112863715,-0.0797389122728508,-0.061029428563813964,-0.04171015897821442,-0.021974135271650194
3.2931726907630523,-0.04978691348747516,-0.06887632452372562,-0.08727754609282082,-0.10480671927147765,-0.12128869835566919,-0.13655880085860408,-0.15046445296369781,-0.1628667139917137,-0.17364166465010242,-0.18268164519361021,-0.1898963311248668,-0.19521363568690522,-0.19858043013020865,-0.19996307455761395,-0.19934775404304392,-0.1967406166656823,-0.1921677120803985,-0.18567473123820763,-0.1773265498573905,-0.16720658020676255,-0.1554159376778556,-0.1420724304733501,-0.12730938250645651,-0.11127430127244538,-0.09412740400251363,-0.07604001682617177,-0.05719286293719035,-0.03777425686718749,-0.01797822290907705
3.3132530120481927,-0.053666254690422216,-0.07263258607983174,-0.09087319667827246,-0.10820583233418889,-0.12445731108151487,-0.13946525351663167,-0.15307970523969378,-0.1651646351494239,-0.1755992946209105,-0.18427942398595454,-0.19111829426120963,-0.19604757371551548,-0.19901801061796778,-0.1999999253449331,-0.19898350692903746,-0.1959789110871093,-0.19101615874761377,-0.18414483609145924,-0.17543359910326883,-0.16496948758347632,-0.15285705547541226,-0.13921732619686256,-0.12418658341408335,-0.10791500934045728,-0.09056518416546089,-0.0723104616071529,-0.05333323681912693,-0.03382312395842824,-0.013975061623575242
3.3333333333333335,-0.057523957350667544,-0.07635956175928235,-0.09443220666791363,-0.11156131618265644,-0.12757574190337037,-0.14231547298191935,-0.15563323489767378,-0.16739596097583834,-0.17748612194568014,-0.18580290025415247,-0.19226319740155828,-0.19680246423429115,-0.1993753458986405,-0.19995613501149775,-0.19853902852003055,-0.1951381856838686,-0.18978758660046158,-0.18254069268717796,-0.17346991251249474,-0.16266587831351592,-0.150236540428619,-0.13630608869335692,-0.12101371157667318,-0.10451220545572999,-0.08696644792501529,-0.06855175039391945,-0.049452106433083516,-0.029858353371461085,-0.009966265512810405
3.353413654618474,-0.06135846602030009,-0.08005574882403729,-0.09795314104843687,-0.1148718178664841,-0.13064273345198393,-0.1451083100295777,-0.15812401233978593,-0.16955979178754413,-0.17930138584477656,-0.18725145972380602,-0.19333057891437846,-0.1974780028670312,-0.19965229189258546,-0.19983172121382228,-0.19801449803227533,-0.1942187794412805,-0.18848249100630127,-0.18086294782521511,-0.17143628185480123,-0.1602966812253947,-0.1475554491442219,-0.1333398917905468,-0.11779204631440875,-0.10106726164837071,-0.08333264631233722,-0.06476539872046123,-0.04555103667316504,-0.02588154372460142,-0.005953450946442302
3.3734939759036147,-0.06516823460335956,-0.08371965695020332,-0.10143458015883977,-0.11813600257234352,-0.13365704909871495,-0.14784263857163843,-0.16055103327023293,-0.17165525511550686,-0.1810443543933501,-0.18862451832740182,-0.1943200084253022,-0.19807391723267165,-0.19984873693358424,-0.19962673411626586,-0.19741012695948273,-0.19322106306923256,-0.18710139818718632,-0.17911227798195317,-0.16933352710177163,-0.1578628515930114,-0.1448148626536546,-0.13031993147609178,-0.11452288662126185,-0.09758156693954535,-0.07966524449714654,-0.06095293326556073,-0.04163160047314657,-0.021894298490382186,-0.0019382359143945962
3.393574297188755,-0.06895172697923067,-0.08734980882894064,-0.10487512026283974,-0.12135255416217815,-0.1366174734541493,-0.15051735611109915,-0.16291331910020979,-0.17368150605685473,-0.18271432481645233,-0.18992152243980975,-0.1952310869906572,-0.19858996705511123,-0.19996460181386594,-0.19934125637080574,-0.19672615898754708,-0.19214543885270718,-0.1856448650076886,-0.17728938903754676,-0.16716249609622225,-0.15536537075047896,-0.14201588597716025,-0.12724742541536826,-0.11120755064123258,-0.09405652678141854,-0.0759657211969587,-0.05711589123722752,-0.03769537817225745,-0.017898225349025722,0.0020777606255267668
3.4136546184738954,-0.07270741762201624,-0.09094474076212293,-0.10827337411486881,-0.12452017570387806,-0.1395228128581518,-0.1531313841864569,-0.16520991734247675,-0.17563772761554844,-0.1843106237723994,-0.1911419491015085,-0.19606344725832334,-0.199025944260092,-0.1999998398160441,-0.19897540308371164,-0.19596286989629033,-0.19099234048957783,-0.18411347875036738,-0.17539501599130788,-0.16492406421034708,-0.15280524569644405,-0.13915964767824082,-0.12412361246050019,-0.10784737513686544,-0.09049356249046578,-0.0722355680808561,-0.05325581975288666,-0.033743956877979715,-0.01389493554021714,0.0060929194004080795
3.433734939759036,-0.0764337922156379,-0.09450300325250856,-0.11162797151941971,-0.12763758999421038,-0.1423718958611567,-0.15568366880655002,-0.16743990199540726,-0.17752313103179912,-0.1858326076242666,-0.19228530622944537,-0.1968167536158511,-0.19938167305909626,-0.19995443673195348,-0.19852932176913413,-0.19512056744826634,-0.1897622329157398,-0.18250785687897356,-0.17342992266534926,-0.16261913399276315,-0.15018350868806027,-0.13624729940861396,-0.12094975215084597,-0.1044437149502592,-0.08689411067439162,-0.06847628916803965,-0.0493742752155724,-0.029778929826116452,-0.009886043213443402,0.010105621475126787
3.4538152610441766,-0.08012934826441674,-0.09802316158818603,-0.11493755988351542,-0.13070354007379462,-0.14516357369650265,-0.158173180875533,-0.1696023739163571,-0.1793369561001001,-0.18727966269940688,-0.19335113281544714,-0.19749070232578236,-0.1996570100202252,-0.19982841086837885,-0.19800319228962615,-0.19419959126466887,-0.18845561211764517,-0.18082864678948504,-0.17139490139660774,-0.1602486348045975,-0.1475012168247756,-0.13328001544386048,-0.11772712420514597,-0.10099794245678684,-0.08325962265288055,-0.06468940022139895,-0.04547282268637785,-0.02580189573839119,-0.005873164777159126,0.014114248905116153
3.4738955823293174,-0.08379259569888879,-0.10150379642105856,-0.11820080476208326,-0.13371678973391649,-0.1478967207436225,-0.1605989166078143,-0.17169646118420454,-0.18107847147574652,-0.18865120553688736,-0.19433899911210128,-0.19808502164811922,-0.19985184412603182,-0.19962181303967358,-0.19739722678362126,-0.19320031268839483,-0.18707300493231852,-0.17907652554907236,-0.16929077271736898,-0.15781352244476313,-0.14475945162210396,-0.1302589922099496,-0.11445702800553158,-0.09751144701174537,-0.07959156387241671,-0.060876428136348096,-0.04155303525341283,-0.02181445817783272,-0.0018579182470406911,0.018117185388729647
3.4939759036144578,-0.08742205747660896,-0.10494350433913283,-0.12141639039601043,-0.13667612401497378,-0.15057023498189942,-0.1629598979327883,-0.17372131945091307,-0.18274697496971778,-0.18994668312274357,-0.19524850680603245,-0.19859947194989097,-0.19996609681828345,-0.19933472654727102,-0.1967116695798984,-0.1921231346343163,-0.18561496883493278,-0.1772521996231019,-0.16711838502442425,-0.15531477876457592,-0.14195931857555208,-0.12718544780083305,-0.11114078207360761,-0.09398563439016082,-0.07589141331540757,-0.057038910325172866,-0.037616493397525846,-0.017818224902210456,0.0021580774064057537,0.02211281691894288
3.5140562248995986,-0.0910162701777037,-0.1083408984323834,-0.12458302024266626,-0.13958034969635572,-0.15318303843500847,-0.165255172889199,-0.175676132281978,-0.18434179383180416,-0.19116557311295845,-0.19607928917850503,-0.1990338458017757,-0.19999972202963714,-0.19896726714609692,-0.19594679709906707,-0.19096849142682293,-0.18408209171403242,-0.17535640459028476,-0.16487861423699168,-0.15275341127186623,-0.13910194671487683,-0.12406062148730256,-0.10777972353881647,-0.09042192621997039,-0.07216066290384911,-0.05317839409713653,-0.033664784355045184,-0.013814807215776579,0.006173202910623933,0.026099532434131247
3.534136546184739,-0.09457378459492966,-0.11169460885196214,-0.12769941749867472,-0.1424282957775557,-0.15573407760556243,-0.16748381600897624,-0.17756011148561723,-0.18586228502186333,-0.192307384044074,-0.19683101125328584,-0.19938796806173675,-0.19995270620221423,-0.19851958299789624,-0.19510291774211277,-0.1897368486247003,-0.18247499163449324,-0.17338990484608707,-0.1625723634435412,-0.150130452724746,-0.13618848814885484,-0.12088577321730908,-0.10437520759929984,-0.08682175940881505,-0.06840081689777537,-0.04929643603459707,-0.029699501477796153,-0.00980581931957904,0.010185839343906215,0.030075724467657994
3.5542168674698793,-0.09809316631800297,-0.11500328336252981,-0.13076432561472945,-0.14521881395032596,-0.15822232389988855,-0.16964492869039002,-0.17937249743057504,-0.18730783546909813,-0.1933716555313526,-0.1975033699317087,-0.19966169594564126,-0.19982506829306684,-0.1979918546114937,-0.19418037176604816,-0.1884287028334133,-0.18079431658831496,-0.17135349329452154,-0.16020056253766354,-0.14744696071519448,-0.13322011760074445,-0.11766218310794385,-0.10092860697547522,-0.0831865855646694,-0.06461339128873086,-0.045394601365382814,-0.02572224359065205,-0.005792877660606601,0.014194368788152868,0.034039789796015435
3.57429718875502,-0.10157299631196144,-0.11826558788748474,-0.13377650880224198,-0.14795077906168186,-0.16064677404276273,-0.1717376395603716,-0.18111255935240936,-0.18867786231925027,-0.19435795845440645,-0.1980960941148855,-0.1998549190848313,-0.19961685976653443,-0.19738429477001132,-0.19317953114671935,-0.18704458150487246,-0.1790407442333472,-0.16924799102844373,-0.1577641678431318,-0.14470401724263157,-0.13019803193463167,-0.11439115092928831,-0.09744131135654652,-0.07951787041054525,-0.060799913188515235,-0.041474463331684815,-0.02173461434687905,-0.00177760028002739,0.018197174981225774,0.03799013008525266
3.5943775100401605,-0.10501187148932747,-0.12148020704687015,-0.1367347525316181,-0.15062308956756995,-0.16300645048193652,-0.17376110482585608,-0.18277959564814045,-0.1899718131696101,-0.1952658951302214,-0.19860894481301491,-0.19996755957062531,-0.19932816457349298,-0.1966971484450733,-0.19210079942882322,-0.18558504272476206,-0.17721498162005409,-0.1670742469984831,-0.15526416172830662,-0.14190272827764924,-0.12712344967284703,-0.11107399558033942,-0.09391472684017449,-0.07581709319350366,-0.05696192021344231,-0.03753760255571584,-0.01773822158153434,0.0022383938392133585,0.022192643968634445,0.04192515253543369
3.6144578313253013,-0.10840840527584142,-0.12464584468774327,-0.13963786402196343,-0.15323466797701707,-0.16530040178229127,-0.17571450861400484,-0.18437293415914144,-0.1911891662917491,-0.19609509947350545,-0.19904171524174435,-0.19999957198573123,-0.1989590991175055,-0.19593069269803187,-0.1909446115631957,-0.18405067498751684,-0.17531776490642723,-0.1648331376707407,-0.15270155221003923,-0.13904422331607727,-0.1239976105046504,-0.10771205455722173,-0.09035027536552877,-0.07208574608821357,-0.05310095986436452,-0.03358560640239454,-0.013734676663177273,0.00625348542517797,0.026179164754292463,0.0458432705228634
3.6345381526104417,-0.11176122816953582,-0.12776122440679122,-0.14248467272201976,-0.1557844612865808,-0.16752770300946263,-0.17759706330117003,-0.18589193244215607,-0.1923294308418833,-0.19684523714429575,-0.19939423090554667,-0.1999509434225591,-0.19850981220788763,-0.1950852365682547,-0.18971143373143723,-0.18244209695903776,-0.1733498590611627,-0.16252556667339355,-0.15007737254723344,-0.13612965492356496,-0.12082177478638156,-0.10430668341390133,-0.08674939413995494,-0.06832533359529934,-0.04921858890271183,-0.02962006833931101,-0.009725593844156447,0.010266055569834849,0.030155129950079147,0.049742904239823124
3.6546184738955825,-0.11506898829292703,-0.13082509006498463,-0.14527403078213805,-0.15827144140492644,-0.16968745610277947,-0.1794080098304691,-0.1873359780283359,-0.19339214705878485,-0.19751600568276695,-0.1996663496680778,-0.19982169348842538,-0.1979804849997066,-0.1941611209485182,-0.18840176315794566,-0.18075995722724192,-0.1713120575552212,-0.16015246443234615,-0.14739268082422938,-0.1331601982708594,-0.11759722303327647,-0.10085925521561863,-0.08311353505948364,-0.06453737193471627,-0.04531637272279589,-0.025642587294230742,-0.0057125896097338725,0.014274486381812217,0.034118936423949094,0.05362248133155895
3.674698795180723,-0.11833035193809933,-0.13383620629405965,-0.1480048135170976,-0.16069460556735943,-0.17177879023736653,-0.1811466180178406,-0.18870448867019113,-0.19437688644915985,-0.1981071346311846,-0.19985796180948678,-0.19961187429764726,-0.19737133092073866,-0.19315871844755794,-0.18701612790943248,-0.17900493404054882,-0.16920518204189608,-0.15771478779607762,-0.14464855952417832,-0.13013705065997017,-0.11432525540315724,-0.09737115998526082,-0.07944416412341784,-0.06072338843440305,-0.04139588472063522,-0.02165476701039901,-0.0016972820263089943,0.018277161638741057,0.03806898594632301,0.05748043753026299
3.694779116465863,-0.1215440041044643,-0.13679335899462597,-0.15067591985958592,-0.1630529767401461,-0.17380086217526686,-0.18281218684645908,-0.1899969125763562,-0.19528325196041957,-0.19861838564295517,-0.1999689900706556,-0.1993215704505299,-0.19668259558541376,-0.19207843323983043,-0.1855550866820031,-0.17717773503440606,-0.16703008202551778,-0.15521351964983482,-0.14184611509257902,-0.12706143104140977,-0.11100719117219984,-0.0938438041428961,-0.07574276084323374,-0.056884920914453733,-0.037458705659551526,-0.017658215399900926,0.002318709910995527,0.02227246743892508,0.04200368583450379,0.0613152172857965
3.714859437751004,-0.12470864902897626,-0.13969535582569853,-0.15328627280415563,-0.16534560401445877,-0.17575285660543938,-0.18440404474938876,-0.1912127286340752,-0.19611087814077452,-0.1990495525787288,-0.19999938968435055,-0.19895089899925483,-0.19591455669578217,-0.1909207009025476,-0.18401922857588773,-0.1752790969459673,-0.16478763451892897,-0.15264966851932718,-0.1389864774911521,-0.1239345795227065,-0.10764436820299542,-0.09027860993869734,-0.07201081764603247,-0.05302351706705999,-0.03350642303279805,-0.0136545438953433,0.006333766931121607,0.02625879285207591,0.045921449594855154,0.06512527439289549
3.7349397590361444,-0.12782301070859123,-0.14254102668545598,-0.15583481984147862,-0.16757156298978793,-0.17763398647249753,-0.18592154988036305,-0.19235144661931744,-0.19685943128658634,-0.19940046158951594,-0.19994914839327238,-0.1985000094006842,-0.19506752392954377,-0.18968598824004979,-0.18240917285791258,-0.173309785317035,-0.162478743689868,-0.15002426816408382,-0.13607079974223368,-0.12075775686838562,-0.10423814240511578,-0.08667701487948294,-0.06824983927278612,-0.04914073383247283,-0.029540630423472426,-0.009645366800115008,0.010346270139974795,0.030234530568848172,0.04982069756248485,0.06890907261461024
3.755020080321285,-0.1308858334147593,-0.14532922418303304,-0.15832053338272448,-0.16972995614666608,-0.1794434932940544,-0.18736409037258106,-0.19341260739443883,-0.1975286095769192,-0.19967097118678423,-0.19981828645499877,-0.19796908345609873,-0.19414183881518393,-0.18837479309558744,-0.18072556871180773,-0.17127059418538992,-0.1601043404964032,-0.147338377160635,-0.13310025746386986,-0.11753224399162138,-0.10078988718840298,-0.08304047114910539,-0.06446134217161617,-0.045238136771234755,-0.02556292686197502,-0.005632300637490775,0.014354601673172216,0.03419807754891732,0.0536998575381753,0.0726650863017247
3.7751004016064256,-0.13389588219974077,-0.1480588241011545,-0.16074241117388974,-0.1718199132085523,-0.18118064746654702,-0.18873108458541552,-0.1943957830933086,-0.19811814319523582,-0.19986097229950747,-0.19960685663381625,-0.1973583352378943,-0.1931378745942674,-0.18698764415058783,-0.17896909497645283,-0.16916234576463057,-0.15766538231156513,-0.14459307847568886,-0.13007604839580061,-0.11425934143776635,-0.09730099290920284,-0.07937044502292243,-0.06064685388635406,-0.0413172994329378,-0.021574916181270817,-0.0016169634988398521,0.018357145348374626,0.03814783566733346,0.05755736542230222,0.07639180100790696
3.7951807228915664,-0.13685194339454507,-0.1507287258494266,-0.16309947669991304,-0.17384059149273307,-0.18284474855941715,-0.19002198133893375,-0.1953005772938275,-0.198627794438189,-0.19997038831814365,-0.19931494417944537,-0.196668011003267,-0.1920560360709452,-0.18552510071148748,-0.17714045987216526,-0.16698589011265141,-0.1551628525373284,-0.14178947902947234,-0.12699939191652415,-0.11094036885996346,-0.09377286630976443,-0.07566841627658652,-0.056807912440626024,-0.037379802721758025,-0.01757820637021405,0.00239902560879844,0.022352287316940427,0.042082212358895206,0.061391665845489864,0.08008771410034321
3.8152610441767068,-0.13975282509828832,-0.15333785290810087,-0.16539077957841097,-0.17579117625009655,-0.18443512559752828,-0.19123626013613648,-0.1961266251777674,-0.19905735781146494,-0.19999917512552448,-0.19894266679266748,-0.19589838909492052,-0.19089675944873508,-0.183987752484217,-0.1752404007151416,-0.1647421047888955,-0.1525977602080983,-0.13892870924941486,-0.12387152855163695,-0.10757666448705448,-0.09020692995103483,-0.07193587758939084,-0.052946065717713334,-0.033427234259027015,-0.013574408925199084,0.0064140474155064235,0.02633841671463856,0.04599962126028105,0.06520121279574381,0.08375133536560697
3.8353413654618476,-0.1425973576587752,-0.15588515326213384,-0.16761539594287814,-0.17767088099364453,-0.18595113733170732,-0.19237343137282553,-0.19687359367786827,-0.19940666011263958,-0.19994732111464358,-0.19849017457786705,-0.19504977982883684,-0.18966051215464194,-0.18237621933642795,-0.17326968362016731,-0.16243189450051648,-0.14997113958386205,-0.13601192261435338,-0.12069371947364636,-0.104169584583998,-0.08660462163907291,-0.06817433394241183,-0.049062870836436796,-0.02946118774309312,-0.009565138200394358,0.010426483041388433,0.03031392631115891,0.04989848284968007,0.06898447024181252,0.0873811876105229
3.855421686746988,-0.14538439414410895,-0.15836959982536483,-0.16977242881519522,-0.179478947815608,-0.18739217249729945,-0.19343303653501454,-0.19754118161213258,-0.19967556050101518,-0.1998148471933365,-0.19795764998250895,-0.1941225253691553,-0.18834779265068854,-0.1806911510475588,-0.17122910319171522,-0.16005619073759636,-0.14728404973316986,-0.13304029518944335,-0.11746724599345873,-0.10072050290501636,-0.08296739384531894,-0.06438530201169324,-0.04515989352331772,-0.02548326230673331,-0.0055520107568267545,0.014434714649311257,0.03427721315815563,0.053777225083664115,0.07273991275252382,0.09097580725777848
3.8755020080321283,-0.14811281080514138,-0.1607901908546432,-0.17186100846729613,-0.18121464769304008,-0.18875765006063372,-0.1944146483838049,-0.19812911980526368,-0.1998639505544078,-0.1996018067758506,-0.19734530772357425,-0.19311699959020964,-0.18695913023293256,-0.17893322704683984,-0.1691194822035562,-0.1576159513975628,-0.14453757410611157,-0.13001502515196192,-0.11419340904374707,-0.09723081013968965,-0.07929671312094899,-0.06057030955671233,-0.0412387074812674,-0.02149506187237378,-0.0015366447105741778,0.018437126097226097,0.038226679235566496,0.05763428403104526,0.07646602611184736,0.09453374493604755
3.895582329317269,-0.15078150752857478,-0.16314595035373738,-0.17388029277184675,-0.18287728078176274,-0.19004701945329927,-0.19531787112765076,-0.198637171197199,-0.19997175431286388,-0.19930828576130813,-0.19665339470098536,-0.19203360792578006,-0.18549508481805155,-0.1771031561393438,-0.16694167126701184,-0.15511216039895948,-0.1417328200974641,-0.1269373323081963,-0.11087352865440817,-0.09370191335222122,-0.0755940595055532,-0.0567308948043797,-0.03730089375506142,-0.017498194505378543,0.0024793409196679854,0.02243210358980616,0.04216073209594259,0.06146810450346149,0.08016130792943588,0.09805356606438478
3.9156626506024095,-0.15338940828053357,-0.1654359284668616,-0.1758294675417959,-0.1844661766985472,-0.19125976079413756,-0.1961423405819443,-0.19906513093869385,-0.19999892830928767,-0.19893440249907113,-0.1958821898980545,-0.19087278720561973,-0.18395624671758132,-0.17520167622019145,-0.16469654848798362,-0.15254582728472477,-0.1388709186001831,-0.1238084576016111,-0.10750894342031872,-0.09013523541410218,-0.07186092593037562,-0.05286860582881651,-0.03334804009385362,-0.013494271765669417,0.00649432686538434,0.026418036329138046,0.046077785506532964,0.06527714068243727,0.08382426824639654,0.1015338514306571
3.9357429718875503,-0.15593546154042826,-0.1676592018616634,-0.17770774685866042,-0.18598069479141688,-0.19239538509886162,-0.1968877243158574,-0.19941282647391784,-0.19994546158696747,-0.19848030774102238,-0.19503200426899586,-0.18963500547932277,-0.18234323639989894,-0.1732295539770276,-0.1623850191128951,-0.14991798681513738,-0.13595302354942046,-0.12062966261249251,-0.10410100996160554,-0.08653221443040085,-0.06809881761635489,-0.048984999927162404,-0.02938174031098605,-0.009484908057934387,0.01050669426113858,0.030393317164205437,0.04997626008886265,0.06905985674266697,0.08745343013605214,0.10497319776377859
3.9558232931726907,-0.15841864072493367,-0.16981487410151655,-0.17951437338941145,-0.18742022439796174,-0.19345343447721697,-0.19755372178637934,-0.1996801176100304,-0.19981137570399332,-0.1979461845807813,-0.19410318061354737,-0.1883207618276038,-0.1806567042400462,-0.171187584580889,-0.1600080151636916,-0.14722969855059628,-0.13298031145725112,-0.11740222904927178,-0.10065110237664954,-0.08289430315991081,-0.0643092514672118,-0.04508164299166448,-0.025403593641354347,-0.005471719980691583,0.014514825297308097,0.03435634323890041,0.05385458395554698,0.07281472747126833,0.09104733029944542,0.10837021829951646
3.9759036144578315,-0.16083794460191364,-0.17190207600696988,-0.18124861869183606,-0.18878418509156109,-0.19443348231760604,-0.19814006445949772,-0.19986689657370746,-0.19959672472456486,-0.19733224837987962,-0.19309609343875153,-0.1869305861610656,-0.1788973302574947,-0.16907659136558617,-0.15756649506204315,-0.14448204642439863,-0.12995398093829622,-0.11412745823173316,-0.09716061168804072,-0.07922296842938954,-0.06049375545782355,-0.04116010887829977,-0.02141520409658707,-0.001456325674466761,0.01851710387239555,0.038305516638305635,0.05771119334408627,0.07654023888275699,0.09460451965535019,0.11172354333964361
3.995983935742972,-0.16319239769412355,-0.17391996600620463,-0.18290978350824882,-0.19007202691541453,-0.19533513345910009,-0.19864651591847274,-0.19997308805459602,-0.19930159519719212,-0.19663874668092626,-0.1920111488079523,-0.1854650390065365,-0.17706582384195826,-0.1668974254957309,-0.15506144324290405,-0.14167613830569264,-0.12687525222643564,-0.11080667056631438,-0.09363094528171012,-0.07551969054212647,-0.056653868018136745,-0.037221978772188725,-0.017418179818299157,0.0025596558306501113,0.02251191624464907,0.042239245032981654,0.06154453324738273,0.08023488882949403,0.09812356392454907,0.11503182080420771
4.016064257028113,-0.16548105067252863,-0.17586773047436158,-0.18449719804743717,-0.19128323060428815,-0.19615802435077045,-0.1990728719591619,-0.1999986492356799,-0.19892610611979883,-0.19586595910779686,-0.1908487841770679,-0.18392471128106225,-0.17516292346736245,-0.16465096562354123,-0.15249386975758256,-0.13881310555277768,-0.12374536668280156,-0.10744120501371053,-0.09006352633946318,-0.07178596268107539,-0.052791137412862836,-0.03326884055005091,-0.01341413242967926,0.006574605267807091,0.026497651682732895,0.04615594232100395,0.06535305804072959,0.08389718760736123,0.1016030442081432,0.11829371677669834
4.036144578313253,-0.16770298073907827,-0.17774458406159913,-0.1860102222547243,-0.1924173077938849,-0.1969018231982745,-0.1994189606723562,-0.1999435698105439,-0.19847040889174164,-0.1950141972528878,-0.18960946821820615,-0.18231022405364528,-0.17318939639408826,-0.16233811753456462,-0.14986480986648257,-0.1358941025569346,-0.12056558629525556,-0.10403241854899864,-0.08645979326514562,-0.06802329030679499,-0.04890712111720929,-0.0293022881399651,-0.009404676385675229,0.01058690378628762,0.030472703115183172,0.05005402926748806,0.06913523210501464,0.08752565855641713,0.10504155755965996,0.12150791604188936
4.056224899598393,-0.1698572919987842,-0.17954977000975114,-0.1874482460700436,-0.19347380121775629,-0.19756623009763696,-0.19968464251309498,-0.1998078719875291,-0.1979346872527651,-0.19408380455148014,-0.1882937006306929,-0.18062222829482594,-0.17114603835960773,-0.15995981378245905,-0.14717532362168034,-0.1329203062769678,-0.11733719316954726,-0.10058168561449601,-0.08282119910466959,-0.0642331905504377,-0.045003385188895864,-0.025323920878687706,-0.005391428322035177,0.01459493360424187,0.034435467778389135,0.05393193414134682,0.07288953044589154,0.09111883865629612,0.10843771755073053,0.12467312261614194
4.076305220883534,-0.1719431158209499,-0.18128256045745567,-0.18881068967391784,-0.19445228489167435,-0.19815097715617272,-0.19986981035693124,-0.19959161048077864,-0.1973191572089168,-0.19307515614326487,-0.1869020119395908,-0.17886140461420735,-0.16903367325763852,-0.15751701331298296,-0.1444264954395059,-0.12989291576464954,-0.11406148901236197,-0.09709039756557851,-0.07914921096013824,-0.060417191602034764,-0.04108150363671222,-0.021335342866791115,-0.0013760064034718982,0.018597078660983563,0.038384347862835545,0.05778809334902038,0.07661443930866592,0.09467527911610567,0.11179015483010371,0.1277880602699517
4.096385542168675,-0.17395961118940786,-0.18294225673363326,-0.19009700372124613,-0.19535236428539132,-0.19865582860050304,-0.19997438954312488,-0.19929487248817643,-0.19662406694545223,-0.19198865872108428,-0.18543496328178827,-0.1770284629860298,-0.1668531528059448,-0.15501070107734213,-0.14161943366329985,-0.12681315168125482,-0.11073979460646527,-0.09355996210967729,-0.07544530939830109,-0.056576832094320476,-0.037143057785867815,-0.017338162321881106,0.0026399703287911867,0.022591725268596364,0.042317751157349405,0.061620952064926765,0.08030845678865016,0.09819354595858758,0.11509751767577761,0.13085147304253242
4.116465863453815,-0.17590596504162198,-0.18452818963919493,-0.19130666956280268,-0.19617367648171632,-0.1990805808716205,-0.19999833790474622,-0.1989177776561886,-0.19584969672676553,-0.190824750366951,-0.18389314617974598,-0.17512414246290525,-0.16460535620292016,-0.15244188763505218,-0.13875527011652308,-0.12368225580538408,-0.10737344927815579,-0.08999180273868346,-0.0717109878535813,-0.05271366048234704,-0.03318963564039278,-0.013333990930154636,0.0066548826098263986,0.026577262762581766,0.04623409169108828,0.06542896485837624,0.08397009343673958,0.10167222059830572,0.11835847254002137,0.13386212574822634
4.136546184738956,-0.17778139259651934,-0.18603971971686736,-0.19243919945435956,-0.19691589032284573,-0.19942506270696525,-0.19994164578567805,-0.19846047803162134,-0.19499635878338467,-0.1895839003754108,-0.18227718230299142,-0.17314921087782625,-0.1622911897730892,-0.14981160874647445,-0.13583515964639867,-0.1205014905322702,-0.10396381035724023,-0.08638735815498723,-0.06794775202591376,-0.04882923441913781,-0.029222831242844933,-0.009324443196557267,0.010667111603899451,0.0305520841512883,0.0501317903730136,0.06921059631669844,0.08759787285996828,0.10510990041362844,0.12157170458706928,0.13681880447453862
4.156626506024097,-0.17958513767091797,-0.18747623750902542,-0.19349413675334748,-0.19757870654388798,-0.199689135209479,-0.199804336044509,-0.19792315800031468,-0.19406439718607882,-0.1882666090643205,-0.18058772321745847,-0.17110446453457237,-0.1599115866016729,-0.14712092495519227,-0.1328602796582713,-0.11727213836477449,-0.10051225262975183,-0.08274808169138592,-0.064157119273639,-0.04492512012763373,-0.025244244031583637,-0.005311135793807596,0.014675039557192272,0.03451458676385981,0.0540092756285882,0.07296432166432863,0.09119033231679718,0.10850519931227263,0.12473591822327011,0.13972031707159313
4.176706827309237,-0.1813164729844246,-0.18883716380342921,-0.19447105610297716,-0.1981618578935286,-0.19987269190360923,-0.19958646404531685,-0.19730603421279713,-0.1930541877071268,-0.18687340757311677,-0.178825450122772,-0.16899072788663524,-0.15746750615836283,-0.14437092116039327,-0.1298318296408706,-0.11399550139627342,-0.09702016778362754,-0.07907544072509108,-0.06034061800169513,-0.041002891769182495,-0.021255478195866373,-0.001295686910544101,0.018677050450091354,0.03846317289644155,0.05786498403344488,0.07668862737760669,0.09474602330690131,0.11185674829018491,0.127849837619478,0.14256549363281465
4.196787148594377,-0.18297470045267822,-0.19012194986676562,-0.19536956360374527,-0.19866510924178787,-0.1999756587782406,-0.19928811763534532,-0.19660935549693095,-0.19196613766880355,-0.18540485764865788,-0.17699107357758453,-0.16680885320479433,-0.15495993391045781,-0.1415627061794319,-0.12675103068267018,-0.11067290078564758,-0.09348896384757173,-0.07537091608607387,-0.05649978704535635,-0.037064130808828005,-0.01725814202903075,0.00272028440113747,0.02267153064877582,0.04239625045638326,0.061697360943767834,0.08038201179503814,0.098263512155213,0.11516319598353142,0.13091220722547375,0.1453531869666416
4.216867469879518,-0.18455915146882185,-0.19133007766590096,-0.19618929697225734,-0.19908825767482632,-0.19999799431653678,-0.19890941710958374,-0.19583340275758326,-0.1908006857791454,-0.1838615514187236,-0.1750853332130744,-0.16455972023347654,-0.15238988092551722,-0.1386974123007475,-0.12361912497953753,-0.10730567622458201,-0.08992006462333096,-0.07163600145998526,-0.05263617504976518,-0.03311042537765386,-0.013253847280020676,0.006735158878495225,0.02665686955584455,0.04631223360418143,0.06550486112313457,0.08404298572277344,0.10174138058998801,0.11842320921357635,0.13392179227621107,0.1480822730590809
4.236947791164659,-0.18606918717308832,-0.19246106007675468,-0.19692992568730217,-0.19943113257676082,-0.1999396895126802,-0.1984505151622632,-0.19497848886336358,-0.18955830195506065,-0.18224411115326655,-0.17310899743472286,-0.162244235836038,-0.14975838346369352,-0.13577619482731978,-0.12043737533387416,-0.10389518539739587,-0.08631490911160888,-0.06787220278589443,-0.048751339845510666,-0.029143369632440803,-0.009244208503520956,0.010747317701037186,0.030631460259717292,0.05020954339289686,0.06928594936556319,0.08767007303505849,0.10517822631466081,0.1216354735242261,0.1368773792896792,0.15075165152691597
4.257028112449799,-0.18750419871039245,-0.19351444108071073,-0.19759115112312006,-0.1996935956984579,-0.19980076787550327,-0.19791159682528958,-0.19404495852047354,-0.18823948713285626,-0.18055318901350903,-0.17106286311248817,-0.15986333362911193,-0.1470665025599058,-0.13280023161084364,-0.117207064645446,-0.10044280343361572,-0.08267495093185324,-0.06408103764908488,-0.0448468478205018,-0.02516456311289303,-0.005230842408959036,0.014755143143238664,0.03459370018255116,0.05408660840479654,0.07303910111451672,0.09126181126941756,0.10857266357325834,0.12479869371202626,0.13977777655618703,0.15336024606138818
4.27710843373494,-0.18886360747582506,-0.19448979594848692,-0.19817270666981043,-0.19987554121327666,-0.19958128541900952,-0.19729287939363732,-0.19303318813371909,-0.18684477306625724,-0.17878946678898774,-0.16894775525950292,-0.15741797360616808,-0.14431532359602406,-0.12977072257681227,-0.11392949539411046,-0.09694992235351502,-0.07900165773614677,-0.060264034669154844,-0.04092427328839023,-0.02117561009669404,-0.0012153672086379172,0.018757019226819927,0.03854199172640978,0.057941865384957936,0.07676280307761368,0.09481675221632699,0.111923323709146,0.12791159434839533,0.14262181461886705,0.15590700486217082
4.2971887550200805,-0.19014686534794945,-0.19538673141138801,-0.1986743578408304,-0.19997689575973848,-0.19928133063978834,-0.19659461233773523,-0.19194358565474223,-0.1853747221120009,-0.17695365562265256,-0.16676452669942446,-0.15490914175043924,-0.14150595586323772,-0.1266888892407009,-0.11060598911464987,-0.09341795050684444,-0.0752965106174435,-0.05642273288367011,-0.036985197853799084,-0.01717811895265368,0.0028005980347352868,0.02275133237231581,0.042474742917422925,0.06177375987158245,0.0804555538367951,0.09833346250314072,0.11522885571687605,0.13097292029388405,0.14540834674520695,0.1583909010614606
4.317269076305221,-0.19135345490980737,-0.19620488581987422,-0.19909590236754118,-0.19999761847110709,-0.19890102448133273,-0.19581707720287822,-0.19077659041753237,-0.183829927003091,-0.17504649572412956,-0.1645140577225711,-0.15233784963736613,-0.1386395321147825,-0.12355597421544445,-0.1072378858639205,-0.08984831200497652,-0.07156100351238208,-0.052558681127614526,-0.033031209774610125,-0.01317370149220392,0.006815434060865462,0.02673647204968165,0.04639036804768022,0.06558074682276326,0.08411586445370581,0.10181052417203496,0.11848792678692202,0.13398143720425554,0.14813624938941897,0.1608109331380169
4.337349397590361,-0.19248288965754437,-0.1969439292893801,-0.1994371702807639,-0.19993770099186592,-0.19844052028527417,-0.1949605874957068,-0.1895326729612844,-0.18221101060980482,-0.17306875607126423,-0.16219725573098429,-0.14970513402672467,-0.13571720810920815,-0.12037324071040885,-0.10382654368053418,-0.08624244614669607,-0.06779664259892249,-0.04867343740889113,-0.02906390332156941,-0.009163972319507519,0.010827522064764207,0.030710831427667923,0.05028728831459739,0.06936129123945486,0.08774225907004243,0.10524653525173669,0.12169922284307487,0.1369359320281795,0.15080442264545954,0.1631661253209808
4.357429718875502,-0.19353471419657117,-0.1976035638333261,-0.19969802397931227,-0.19979716748108745,-0.1979000037295544,-0.19402548855779944,-0.1882123348406744,-0.1805186256885476,-0.1710212341000649,-0.1598150548725583,-0.14701205644459847,-0.1327401621443693,-0.11714197202205744,-0.10037333803728876,-0.08260180683786597,-0.06400494568904617,-0.044768568280123724,-0.025084878135467437,-0.0051505481804396585,0.01483524434946203,0.03467280802170386,0.054163932457499175,0.0731138687843948,0.09133327550262871,0.1086401103228071,0.12486144907228608,0.13983521349634218,0.1534117906905189,0.1654555279833119
4.377510040160643,-0.19450850442518108,-0.19818352348326843,-0.19987835828547396,-0.1995760746026919,-0.19727969275355897,-0.19301215742642874,-0.1868161084236303,-0.17875345461865816,-0.16890475538317246,-0.1573684156643872,-0.1442597027553654,-0.12970959458232983,-0.11386347101651906,-0.0968796612865705,-0.07892786200520498,-0.0601874416167657,-0.040845648207014924,-0.021095738582155854,-0.0011350473107077513,0.018836984978272006,0.03862080434002843,0.058018737391159696,0.07683696639672326,0.09488746583297514,0.11198988107624981,0.12797333044674364,0.1426781126017723,0.15595730221879758,0.1676782180246828
4.397590361445783,-0.19540386770555046,-0.19868357439613893,-0.19997810048741899,-0.19927451150260006,-0.19657983747024288,-0.1919210026825379,-0.18534455667667782,-0.17691620912726924,-0.16672017329698446,-0.15485832460547852,-0.14144918272387094,-0.12662672736536967,-0.11053905960426479,-0.09334692209894901,-0.07522209300441068,-0.05634566962169033,-0.03690625893351196,-0.017098093105657346,0.0028809112166310346,0.022831130426345297,0.042553228527807845,0.061850148836047905,0.08052908290205917,0.09840339699108855,0.11529449686522136,0.13103361223797053,0.1454634830711915,0.15843993086539976,0.16983329924367874
4.417670682730924,-0.19622044302205255,-0.1991035149485321,-0.19999721036851764,-0.19889259977278917,-0.1958007200652834,-0.1907524642859983,-0.18379827293794881,-0.17500763000233485,-0.1644683686775686,-0.1522857937789907,-0.13858162956796388,-0.12349280352329009,-0.10717007820710528,-0.08977654489519278,-0.0714859940228679,-0.052481178728394445,-0.03295198884403791,-0.013093553579631254,0.006895708143989885,0.026816070231254152,0.04646849500898203,0.06565662194502256,0.08418872961778212,0.10187965133329469,0.11855262524962025,0.1340410605227393,0.14819020182719903,0.16085867562016934,0.17191990269915147
4.437751004016064,-0.19695790112682088,-0.19944317581800078,-0.1999356802235559,-0.19843049340226626,-0.1949426546833016,-0.1895070133982156,-0.18217788067794466,-0.17302848679394067,-0.16215024946550496,-0.1496518604441562,-0.1356581995015776,-0.12030908667221783,-0.10375788521772607,-0.0861699692719355,-0.0677210714771847,-0.04859552712184389,-0.02898443232304699,-0.009083734657457888,0.010907724682145247,0.030790197642338615,0.05036502512557589,0.06943662192622242,0.08781443095327772,0.10531482721383925,0.12176295253333358,0.13699446268059565,0.150857169441102,0.16321256123130312,0.17393718706058076
4.457831325301205,-0.1976159446725041,-0.19970242005132788,-0.19979353486184226,-0.19788837871497908,-0.19400598730119697,-0.18818515219215445,-0.1804840332481487,-0.17097957750401696,-0.159766750339799,-0.14695758661805203,-0.13268007126853706,-0.11707686050510724,-0.10030385645197525,-0.0825286494212217,-0.06392884340579595,-0.04469028151912557,-0.025005189112158894,-0.0050702531212002905,0.01491534316294267,0.03475191026855828,0.05424124777422469,0.07318862466190393,0.09140472500490418,0.10870753955004027,0.1249241842939274,0.13989262788279475,0.15346331057621201,0.16550063859857778,0.17588433894730404
4.477911646586345,-0.19819430833215795,-0.19988114311974675,-0.19957083159720446,-0.19726647429468902,-0.19299109558864788,-0.18678741364985946,-0.17871741361759164,-0.16886172826457946,-0.15731883234101363,-0.14420405864738856,-0.1296484456672829,-0.11379742827414817,-0.0968093845941267,-0.07885405354416852,-0.06011083885688173,-0.04076701653773837,-0.02101586366513411,-0.0010547272297087489,0.01891694769154957,0.03869961072458529,0.05809560003965163,0.07691111732297379,0.09495816414544003,0.11205642038076101,0.12803504590456513,0.14273438757245022,0.15600757442142682,0.16772198515603234,0.17776057325647607
4.497991967871486,-0.19869275890622692,-0.19997927296108783,-0.1992676602248804,-0.19656503089683688,-0.19189838875583273,-0.18531436134755389,-0.17687873409747396,-0.166675793004628,-0.15480748248377174,-0.1413923867704879,-0.12656454506670228,-0.1104721122652866,-0.09327587863534142,-0.0751476632589779,-0.05626859727184568,-0.03682731406069835,-0.017018064500948216,0.002961223933871184,0.02291092479799401,0.04263170727487994,0.06192652782484427,0.08060259897897112,0.09847331560777695,0.11536011941798041,0.13109428304794485,0.14551859593570293,0.15848893511492385,0.16987570524395304,0.17956513347962716
4.518072289156627,-0.19911109541657124,-0.19999677000883437,-0.19888414298531185,-0.19578433134743708,-0.19072830738843427,-0.1837665892284024,-0.1749687360539585,-0.16442265310583803,-0.15223371335878688,-0.13852370466963004,-0.12342961291326303,-0.10710225326507228,-0.08970476330555491,-0.07141097300354061,-0.05240366786460439,-0.032872762598714404,-0.013013403555228842,0.0069759811149212704,0.026895664087724036,0.046546614475486615,0.06573248647767539,0.08426158120325027,0.10194876206261783,0.11861730459123612,0.1341006622220465,0.14824413036371972,0.16090639215779293,0.17196093047000713,0.1812972920076913
4.538152610441767,-0.1994491491875027,-0.19993362720807606,-0.1984204345148567,-0.19492469042904026,-0.1894813232699929,-0.18214472136302984,-0.1729881896092472,-0.16210321704718197,-0.14959856272458055,-0.13559916901394548,-0.12024491322964895,-0.10368921002004534,-0.08609747849901747,-0.06764548943286978,-0.04851760899693492,-0.02890495664969195,-0.009003495530313417,0.010987925540243899,0.03086955889092855,0.050442753813294376,0.06951194141371529,0.08788658867312342,0.10538310218995342,0.12182666258472341,0.13705297123748741,0.15090989190533546,0.16325897081744356,0.17397682005938447,0.18295635042438263
4.5582329317269075,-0.19970678391379565,-0.1997898700183535,-0.19787672178343854,-0.1939864547538113,-0.18815793919168053,-0.18044941169789194,-0.170937893331063,-0.1597184200386252,-0.14690309308905164,-0.13261995899303883,-0.11701173010509756,-0.10023435868888149,-0.08245547869372014,-0.0638527308116084,-0.04461198755013384,-0.02492549605582079,-0.004989957244191362,0.014995439570761285,0.03483100691035636,0.05431855434250309,0.07326336873498639,0.09147615976471973,0.1087749512440822,0.12498689936683201,0.1399500197062844,0.15351480571015755,0.16554572252062294,0.17592256119380262,0.18454163978780094
4.578313253012048,-0.1998838957156459,-0.1995655564033928,-0.19725322401915935,-0.1929700026237733,-0.18675868874957272,-0.17868134379160114,-0.1688186739106633,-0.15726922364404444,-0.1441483912810678,-0.12958727584153387,-0.1137313671776496,-0.09673909228751779,-0.07878023236494162,-0.06003422640185734,-0.0406883782932427,-0.020935985358511655,-0.0009744069785948422,0.018996907353755792,0.03877841086737056,0.05817245331803677,0.07698525584440563,0.09502884714231956,0.1121229416119479,0.12809674071190638,0.14279063952182433,0.1560578214619502,0.16776572523588568,0.17779736933923987,0.18605252090015267
4.598393574297189,-0.19998041318055587,-0.19926077680773432,-0.1965501926199055,-0.19187574387827414,-0.1852841361294994,-0.1768412305393112,-0.16663138582951298,-0.15475661539351934,-0.14133556801224928,-0.12650234235472824,-0.11040514710851357,-0.09320482012747999,-0.07507322139315009,-0.05619151584656732,-0.03674836324809143,-0.01693803315143446,0.0030415361735024573,0.02299071547439175,0.04271017914598122,0.062002896825652055,0.08067610205567374,0.09854321834192904,0.11542572336456894,0.13115493271402126,0.1455736853298518,0.15853791380212912,0.16991808384536244,0.1796004885622638,0.18748838456547925
4.618473895582329,-0.19999629739212824,-0.19887565412026476,-0.19576791105198257,-0.19070411972873666,-0.18373487587956205,-0.17492981388527393,-0.16437691101475277,-0.1521816083851549,-0.138465757429124,-0.1233664023955555,-0.10703441104876132,-0.08963296724764036,-0.07133594046650073,-0.05232614854874647,-0.03279353105141835,-0.012933251431924432,0.0070562529607125744,0.02697525360625326,0.046624726434593755,0.06580834040848509,0.08433441919836017,0.1020178563488577,0.11868196480133722,0.1341602422925636,0.14829803499028252,0.16095408274319156,0.17200193050567655,0.18133119183482788,0.18884865183528843
4.63855421686747,-0.19993154194575755,-0.19841034362466783,-0.19490669473582023,-0.18945560258075972,-0.18211153267040822,-0.1729478645236831,-0.16205615848360067,-0.14954524087659393,-0.13554011665583254,-0.120180720393052,-0.1036205180985683,-0.0860249738396332,-0.06756989647816818,-0.0484396830467313,-0.02882547631432203,-0.008923254951015508,0.011068124626125457,0.030948915160637754,0.05052047436521633,0.06958724968978601,0.08795873221794202,0.1054513601690674,0.12189035298696871,0.1371114576894182,0.15096259002965695,0.16330535407191715,0.1740164249978637,0.18298878132741395,0.1901327742419898
4.658634538152611,-0.19978617295121237,-0.1978650329368129,-0.19396689091879282,-0.18813069584364173,-0.18041476104336102,-0.170896181587926,-0.15967006397683153,-0.14684857586638644,-0.13255982532756974,-0.11694658083253254,-0.10016484475921653,-0.08238229466716217,-0.06377660791875955,-0.044533686385776226,-0.024845798979305927,-0.004909660562363434,0.015075533560000007,0.03491009793434078,0.05439585214986592,0.07333810099158754,0.09154757977055447,0.10884234539406035,0.12504959428088472,0.14000738895755477,0.1535662760840505,0.16559077974217634,0.17596075506615258,0.18457258869040027,0.19134023402003966
4.678714859437751,-0.19956024902210778,-0.19723994192910715,-0.1929488785352073,-0.18672993372740307,-0.17864524514650426,-0.16877559232836847,-0.15721958958148088,-0.14409270066538202,-0.12952608511494876,-0.11366528773767828,-0.09666878437808164,-0.07870639847943074,-0.059957604264049835,-0.0406097334862113,-0.020856103675171878,-0.0008940865703214118,0.019076863951994153,0.038857204755674044,0.05824929721391958,0.07705938194906117,0.09509951481221277,0.11218944475908099,0.12815841485881638,0.14284686844082192,0.15610804333226358,0.16780943825718767,0.17783413674547136,0.18608197532354437,0.19247054431470745
4.698795180722891,-0.19925386125227207,-0.19653532264184184,-0.19185306805351462,-0.18525388102738924,-0.1768036984588297,-0.166586951778802,-0.15470572334292546,-0.14127872645831954,-0.12644011923947995,-0.1103381641447462,-0.09313374658682602,-0.07499876741893365,-0.056114425358287895,-0.03666940650842482,-0.01685799907002397,0.0031218479225709438,0.023070502442669432,0.04278864412845478,0.062079255826154034,0.0807495921203119,0.09861310518226991,0.11549130869440555,0.13121556122641762,0.14562875124475302,0.1585868669191159,0.1699604350410715,0.17963581467754713,0.18751633263347034,0.1935232493783783
4.718875502008032,-0.19886713317901705,-0.19575145918156822,-0.1906799013108066,-0.18370313289654258,-0.17489086350255867,-0.1643311424116905,-0.1521294788664982,-0.1384077878557918,-0.12330317198036206,-0.10696655156911435,-0.08956115673302899,-0.07126089642384939,-0.05224862079332339,-0.03271429421492813,-0.0128530972226454,0.007136523668416933,0.027054838774005704,0.046702830873705116,0.06588418372521801,0.08440724359136398,0.10208693418087021,0.11874660586949522,0.1342198007246814,0.14835191569819375,0.1610017473686733,0.17204290279954695,0.18136506241547026,0.1888750822790571,0.19449792475431296
4.738955823293173,-0.19840022073332722,-0.19488866760654397,-0.1894298513346646,-0.1820783146054329,-0.1729075115437525,-0.1620090737823513,-0.1494918949087964,-0.1354810424367635,-0.12011650817278077,-0.1035518094643744,-0.08595245530547728,-0.06749429262527191,-0.048361749283801866,-0.028745991329756783,-0.008843012932506342,0.011148321926854266,0.0310282664386672,0.050598186768806036,0.06966254674228796,0.08803086157609719,0.10551960114017206,0.12195402372979719,0.13716992202695472,0.15101526380556662,0.1633517109872426,0.1740560018696307,0.18302118271660223,0.19015767640462897,0.19539417744779128
4.759036144578313,-0.19785331217698743,-0.19394729579929695,-0.18810342215243225,-0.18038008129014488,-0.1708544422813339,-0.15962168216221756,-0.14679403495884943,-0.13249967028182907,-0.1168814126979204,-0.10009531467419253,-0.08230909735335196,-0.06370047473952709,-0.04445537803868227,-0.024766097895468995,-0.004829363088667909,0.015155625117740133,0.03498918332775513,0.0544731411838455,0.07341282141965351,0.09161898501088855,0.1089097219891049,0.1251122690259736,0.14006473562735247,0.1536177216895889,0.16563581025597038,0.17599892055819374,0.18460350782370777,0.191363597860854,0.1962116460845699
4.779116465863454,-0.19722662802667462,-0.1929277233263567,-0.18670114858798834,-0.1786091176881232,-0.16873248352464312,-0.15716993016132827,-0.144036986809313,-0.12946487349739677,-0.11359918996489181,-0.09659846087715745,-0.07863255189954423,-0.05988097245581678,-0.04053108212932863,-0.02077621862799853,-0.0008137660178424426,0.019156817473368823,0.03893599237678796,0.05832613171490613,0.07713349562498494,0.09517016714372246,0.11225592981143476,0.12822006833534796,0.1429030743203739,0.1561582400242668,0.16785312421288834,0.17787087546924074,0.1861113997341987,0.192492360413262,0.19695000105659066
4.7991967871485945,-0.19652042096504432,-0.19183036128521125,-0.18522359604610317,-0.17676613786208292,-0.16654249085966139,-0.15465480634019824,-0.14122186211786603,-0.12637787573099327,-0.11027116338478787,-0.0930626580248422,-0.07492430134833693,-0.056037325819440445,-0.03659044385443328,-0.01677796226962509,0.0032021591681240546,0.023150285689958573,0.042867102209645874,0.062155604814034454,0.08082306916103267,0.0986829761175283,0.11555687539691267,0.1312761685753554,0.14568379367152515,0.15863579445798875,0.17000275882424987,0.17967111181977985,0.18754425045737982,0.19354350893829658,0.19760894465488005
4.8192771084337345,-0.19573497573884757,-0.19065565213855015,-0.18367136028446396,-0.174851884912095,-0.1642853473040331,-0.15207732481122507,-0.1383497959589832,-0.12323992167788154,-0.10689867483707625,-0.08948933177330293,-0.07118584088769093,-0.05217108461083945,-0.03263505210202436,-0.012772940940319633,0.007216793225087667,0.027134419578144567,0.046780927780223414,0.06596001641564088,0.084480054370516,0.10215599554751398,0.11881122778528373,0.1342793375087934,0.1484057724787628,0.16104938602655047,0.17208384734500998,0.1813989037441553,0.18890148225959444,0.19451661960682382,0.1981882111895875
4.839357429718875,-0.19487060904411913,-0.18940406953586084,-0.1820450671734617,-0.17286713067596382,-0.16196196295102794,-0.14943852482979242,-0.13542194636626617,-0.12005227657919222,-0.10348308412854534,-0.0858799229082459,-0.06741867788637548,-0.0482838077207162,-0.028666501708816523,-0.00876276948772779,0.01122851742949566,0.031107612712217975,0.05067589101152961,0.06973783255907631,0.08810297673595546,0.1055878250922609,0.12201767480293904,0.13722836424066714,0.15106791322456872,0.1633980415559432,0.17409555066830215,0.18305355458672126,0.19018254789717015,0.19541130005502258,0.19868756709711297
4.859437751004016,-0.19392766939848416,-0.18807611812245073,-0.18034537244383686,-0.1708126754180183,-0.15957327460258655,-0.14673947037523735,-0.13243949386551856,-0.11681622571177182,-0.10002576844502323,-0.0822358867640952,-0.06362433128619034,-0.044377062521481436,-0.02468639281716463,-0.004749064836055071,0.015235714231064052,0.03506826307784392,0.05455042143197673,0.07348753000713297,0.09169037547420585,0.1089770810183488,0.12517492359199,0.1401220597064287,0.15366914251847552,0.1656808140547426,0.17603705766377042,0.18463439718273658,0.1913869308370702,0.19622718954258797,0.19910681103428113
4.879518072289157,-0.1929065370006337,-0.18667233333597114,-0.17857296142228504,-0.1686893475064404,-0.1571202453915962,-0.1439812497218471,-0.12940364099875054,-0.11353307386995125,-0.09652812179608787,-0.07855869263719294,-0.05980433098951842,-0.04045242423528,-0.02069633022987645,-0.0007334453341130086,0.019236767904983923,0.0390147737180043,0.05840295680860409,0.07720759686022295,0.095240804125453,0.11232239675828551,0.1282817011315572,0.14295925715141514,0.15620841152986367,0.16789678309594147,0.17790758550462227,0.18614079412736992,0.19251414546516288,0.19696395909818368,0.19944577395952404
4.899598393574297,-0.19180762357702658,-0.18519328119052578,-0.1767285487551291,-0.1664980030792624,-0.15460386439355026,-0.14116497500006062,-0.12631561183930726,-0.1102041448394454,-0.09299155445299469,-0.07484982319337084,-0.05596021724246071,-0.036511475298852514,-0.0166979227631473,0.0032824698972080397,0.02323006520339059,0.04294555337689967,0.06223194377697914,0.08089653316598466,0.0987528311364344,0.11562242346151469,0.1313367547510594,0.14573881260129048,0.15868469641085595,0.1700450551880709,0.1797063799832686,0.18757213803270495,0.19356373728202378,0.19762131165208532,0.19970431920103976
4.919678714859438,-0.19063137221587845,-0.18363955804845045,-0.1748128781201696,-0.16423952569916667,-0.1520251462277469,-0.13829178174805143,-0.12317665149831487,-0.10683078086359475,-0.08941749238004652,-0.07111077387013025,-0.0520935400138001,-0.03255580472548713,-0.012692782597875358,0.007297061617778463,0.027213996005835142,0.04685901714155275,0.06603583846752348,0.08455285152407276,0.10222504043765038,0.1188758305382806,0.13433885263529763,0.1484596053233033,0.16109699870913952,0.17212476413546188,0.18143271581542506,0.1889278517726427,0.19453528308619275,0.19819898215596066,0.19988234251189918
4.9397590361445785,-0.18937825718850676,-0.18201179037985668,-0.1728267219268299,-0.16191482599722895,-0.14938513064818934,-0.13536282845387188,-0.11998802562264553,-0.10341434210216571,-0.08580737665963749,-0.06734305227367395,-0.04820585837004515,-0.028587007464321235,-0.008682524629622134,0.011308711121115266,0.031186953968493206,0.05075358708085449,0.06981310712800906,0.0881750776858856,0.10565603201433045,0.12208130619612874,0.13728678432112998,0.1511205382781717,0.1634443457705464,0.17413507138749945,0.18308589693255017,0.19020738871560208,0.19542839114481103,0.1986967376897384,0.19997977211207896
4.959839357429719,-0.1880487837581012,-0.18031063451003504,-0.17077088100471605,-0.15952484130574598,-0.14668488212435069,-0.13237929608834417,-0.11675101988460052,-0.09995620608292606,-0.08216266291119967,-0.06354817757103016,-0.04429873984680542,-0.024606683757248095,-0.004668765817476576,0.015315800887054552,0.03514733717185272,0.05462769288179491,0.07356222674197649,0.09176175114899147,0.10904442247092803,0.12523755796882863,0.14017936118553753,0.15372053856241652,0.16572579113123415,0.17607516637673173,0.18466525676250467,0.19141023294492487,0.19624270135157018,0.19911437755552308,0.19999656871740368
4.979919678714859,-0.18664348797599925,-0.17853677635482124,-0.16864618428071781,-0.15707053528029813,-0.14392548941197378,-0.12934238762888647,-0.11346693946352016,-0.096457767146218,-0.0784848207042893,-0.05972767987751594,-0.04037375981675248,-0.020616438493690478,-0.000653124532088205,0.019316715233944605,0.039093548766616776,0.05847977248262204,0.0772816856428238,0.09531142574601116,0.1123888455889131,0.12834331323750348,0.14301541692488362,0.156258557840962,0.1679404148993053,0.17794426684569511,0.186170158498317,0.19253589946689623,0.19697788537190897,0.19945173335851762,0.19993272555538538
5.0,-0.1851629364655465,-0.17669093114403064,-0.16645348844478025,-0.15455289751119744,-0.1411080651140784,-0.12625332757446434,-0.11013710851952752,-0.09292043588275148,-0.0747753329660472,-0.055883099639785175,-0.036432500854419174,-0.01661788056349928,0.0033627800968699427,0.02330984097009873,0.043023997617563106,0.062308272702675575,0.08096998412331967,0.09882267022772163,0.11568795287764003,0.13139731974375782,0.1457938080251752,0.15873357276983063,0.17008732412571298,0.1797416191623254,0.18759999535494778,0.1935839344062973,0.19763364677540007,0.19970866907492102,0.1997882683679544
